,x
augustus.g24314.t1,1
augustus.g24360.t1,2
augustus.g24365.t1,3
augustus.g24366.t1,1
augustus.g24410.t1,1
augustus.g24411.t1,4
augustus.g24463.t1,4
augustus.g24464.t1,5
augustus.g24466.t1,4
augustus.g24517.t1,3
augustus.g246.t1,1
augustus.g24884.t1,3
augustus.g24972.t1,1
augustus.g24979.t1,4
augustus.g24981.t1,1
augustus.g24987.t1,3
augustus.g24999.t1,4
augustus.g25015.t1,3
augustus.g25018.t1,3
augustus.g25038.t1,4
augustus.g25043.t1,1
augustus.g25047.t1,6
augustus.g25062.t1,3
augustus.g25064.t1,1
augustus.g25068.t1,1
augustus.g25094.t1,7
augustus.g25116.t1,1
augustus.g25117.t1,3
augustus.g25121.t1,4
augustus.g25172.t1,3
augustus.g25181.t1,7
augustus.g2520.t1,8
augustus.g25227.t1,1
augustus.g25228.t1,4
augustus.g25230.t1,4
augustus.g25246.t1,4
augustus.g25250.t1,3
augustus.g25268.t1,4
augustus.g25275.t1,7
augustus.g25284.t1,8
augustus.g2532.t1,4
augustus.g25326.t1,1
augustus.g2536.t1,3
augustus.g2538.t1,1
augustus.g25381.t1,1
augustus.g25399.t1,1
augustus.g2540.t1,1
augustus.g25400.t1,1
augustus.g25411.t1,3
augustus.g25433.t1,1
augustus.g25435.t1,9
augustus.g25437.t1,4
augustus.g25488.t1,4
augustus.g25505.t1,1
augustus.g25542.t1,1
augustus.g25546.t1,1
augustus.g25593.t1,3
augustus.g25618.t1,1
augustus.g25626.t1,1
augustus.g25636.t1,4
augustus.g25673.t1,1
augustus.g25680.t1,3
augustus.g25685.t1,3
augustus.g25712.t1,4
augustus.g25713.t1,4
augustus.g25934.t1,7
augustus.g25938.t1,3
augustus.g25957.t1,10
augustus.g25958.t1,3
augustus.g25962.t1,1
augustus.g25966.t1,1
augustus.g25967.t1,4
augustus.g25969.t1,1
augustus.g25975.t1,7
augustus.g2599.t1,4
augustus.g25994.t1,4
augustus.g26217.t1,1
augustus.g26218.t1,1
augustus.g26240.t1,11
augustus.g26263.t1,1
augustus.g26275.t1,4
augustus.g26277.t1,1
augustus.g26279.t1,3
augustus.g26280.t1,3
augustus.g26334.t1,1
augustus.g2637.t1,1
augustus.g26387.t1,4
augustus.g26393.t1,1
augustus.g26398.t1,3
augustus.g26410.t1,4
augustus.g26427.t1,7
augustus.g26428.t1,4
augustus.g26477.t1,1
augustus.g26481.t1,1
augustus.g26519.t1,12
augustus.g26554.t1,3
augustus.g26558.t1,4
augustus.g26573.t1,1
augustus.g2660.t1,4
augustus.g26785.t1,9
augustus.g26802.t1,4
augustus.g26825.t1,4
augustus.g26835.t1,1
augustus.g26842.t1,12
augustus.g26852.t1,4
augustus.g26870.t1,3
augustus.g26875.t1,4
augustus.g27079.t1,1
augustus.g27081.t1,13
augustus.g27090.t1,4
augustus.g27145.t1,1
augustus.g27146.t1,3
augustus.g27155.t1,4
augustus.g27156.t1,3
augustus.g27166.t1,1
augustus.g27229.t1,14
augustus.g27230.t1,3
augustus.g27232.t1,1
augustus.g27247.t1,4
augustus.g27553.t1,1
augustus.g27561.t1,1
augustus.g27563.t1,3
augustus.g27565.t1,3
augustus.g27604.t1,1
augustus.g27610.t1,1
augustus.g27612.t1,3
augustus.g27618.t1,4
augustus.g27636.t1,4
augustus.g27643.t1,8
augustus.g27644.t1,9
augustus.g27646.t1,3
augustus.g27654.t1,1
augustus.g27732.t1,4
augustus.g27733.t1,1
augustus.g27734.t1,1
augustus.g27757.t1,1
augustus.g27772.t1,4
augustus.g27807.t1,3
augustus.g27815.t1,4
augustus.g27816.t1,3
augustus.g27864.t1,4
augustus.g27914.t1,1
augustus.g27920.t1,1
augustus.g27956.t1,4
augustus.g27957.t1,4
augustus.g28002.t1,1
augustus.g28004.t1,4
augustus.g28008.t1,4
augustus.g28011.t1,4
augustus.g28077.t1,1
augustus.g28080.t1,1
augustus.g28081.t1,4
augustus.g28082.t1,15
augustus.g28083.t1,11
augustus.g28102.t1,7
augustus.g28104.t1,3
augustus.g28121.t1,3
augustus.g28142.t1,1
augustus.g28160.t1,4
augustus.g2817.t1,3
augustus.g2820.t1,16
augustus.g28210.t1,3
augustus.g28212.t1,1
augustus.g28237.t1,1
augustus.g28243.t1,3
augustus.g28248.t1,7
augustus.g28256.t1,4
augustus.g28265.t1,4
augustus.g28268.t1,3
augustus.g28338.t1,7
augustus.g28456.t1,3
augustus.g28457.t1,3
augustus.g28486.t1,6
augustus.g28515.t1,8
augustus.g2853.t1,4
augustus.g28531.t1,13
augustus.g28539.t1,1
augustus.g2855.t1,1
augustus.g28554.t1,4
augustus.g28593.t1,4
augustus.g28632.t1,3
augustus.g28636.t1,14
augustus.g28664.t1,4
augustus.g28693.t1,9
augustus.g28728.t1,6
augustus.g28738.t1,3
augustus.g28747.t1,3
augustus.g28771.t1,11
augustus.g28774.t1,1
augustus.g28781.t1,1
augustus.g28784.t1,8
augustus.g28793.t1,3
augustus.g28804.t1,1
augustus.g28854.t1,3
augustus.g28870.t1,4
augustus.g28875.t1,4
augustus.g28882.t1,1
augustus.g28884.t1,8
augustus.g28888.t1,15
augustus.g28906.t1,3
augustus.g28910.t1,4
augustus.g28915.t1,4
augustus.g28932.t1,1
augustus.g28996.t1,4
augustus.g291.t1,5
augustus.g29170.t1,4
augustus.g29178.t1,7
augustus.g29195.t1,4
augustus.g29198.t1,1
augustus.g29203.t1,4
augustus.g29205.t1,4
augustus.g29207.t1,4
augustus.g29213.t1,4
augustus.g29218.t1,1
augustus.g29220.t1,7
augustus.g29267.t1,17
augustus.g29270.t1,1
augustus.g29284.t1,3
augustus.g29285.t1,1
augustus.g29290.t1,1
augustus.g29301.t1,4
augustus.g29308.t1,4
augustus.g29311.t1,15
augustus.g29322.t1,8
augustus.g29323.t1,1
augustus.g29325.t1,1
augustus.g29391.t1,4
augustus.g29409.t1,4
augustus.g29410.t1,4
augustus.g29445.t1,4
augustus.g29639.t1,4
augustus.g29641.t1,7
augustus.g29670.t1,1
augustus.g29689.t1,1
augustus.g29692.t1,4
augustus.g29747.t1,15
augustus.g29788.t1,4
augustus.g29795.t1,4
augustus.g29847.t1,4
augustus.g29850.t1,4
augustus.g29876.t1,4
augustus.g29890.t1,1
augustus.g29934.t1,1
augustus.g29951.t1,1
augustus.g29961.t1,1
augustus.g29962.t1,3
augustus.g29999.t1,3
augustus.g30002.t1,6
augustus.g30004.t1,3
augustus.g30032.t1,4
augustus.g30035.t1,4
augustus.g30051.t1,1
augustus.g30094.t1,1
augustus.g30095.t1,4
augustus.g30096.t1,1
augustus.g30168.t1,3
augustus.g30171.t1,3
augustus.g30190.t1,3
augustus.g30200.t1,1
augustus.g30206.t1,7
augustus.g30207.t1,7
augustus.g30379.t1,9
augustus.g30428.t1,1
augustus.g3046.t1,4
augustus.g30468.t1,3
augustus.g30577.t1,1
augustus.g30578.t1,4
augustus.g30581.t1,3
augustus.g30589.t1,4
augustus.g30590.t1,15
augustus.g30602.t1,1
augustus.g30623.t1,18
augustus.g30640.t1,1
augustus.g30648.t1,7
augustus.g30652.t1,9
augustus.g30655.t1,1
augustus.g30682.t1,1
augustus.g30720.t1,3
augustus.g30721.t1,1
augustus.g3077.t1,1
augustus.g3083.t1,3
augustus.g3098.t1,4
augustus.g31002.t1,7
augustus.g3102.t1,4
augustus.g31033.t1,4
augustus.g31110.t1,1
augustus.g31175.t1,2
augustus.g31183.t1,12
augustus.g31222.t1,3
augustus.g31223.t1,4
augustus.g31274.t1,3
augustus.g3130.t1,3
augustus.g31412.t1,3
augustus.g31413.t1,3
augustus.g31423.t1,12
augustus.g31430.t1,3
augustus.g31448.t1,1
augustus.g31461.t1,9
augustus.g31475.t1,12
augustus.g31487.t1,13
augustus.g31692.t1,1
augustus.g31697.t1,4
augustus.g31707.t1,1
augustus.g31708.t1,4
augustus.g31709.t1,4
augustus.g31710.t1,4
augustus.g31717.t1,4
augustus.g31749.t1,3
augustus.g31753.t1,1
augustus.g31778.t1,1
augustus.g31826.t1,1
augustus.g31846.t1,1
augustus.g31852.t1,2
augustus.g31853.t1,4
augustus.g31854.t1,4
augustus.g31856.t1,4
augustus.g31858.t1,4
augustus.g31859.t1,7
augustus.g31866.t1,3
augustus.g31867.t1,4
augustus.g31869.t1,3
augustus.g31885.t1,3
augustus.g31888.t1,13
augustus.g31910.t1,19
augustus.g31916.t1,3
augustus.g31924.t1,4
augustus.g31926.t1,4
augustus.g31950.t1,1
augustus.g31964.t1,5
augustus.g31965.t1,17
augustus.g31997.t1,4
augustus.g32002.t1,1
augustus.g32006.t1,4
augustus.g32029.t1,3
augustus.g32048.t1,1
augustus.g32049.t1,1
augustus.g32052.t1,6
augustus.g32057.t1,1
augustus.g32087.t1,1
augustus.g3211.t1,4
augustus.g32112.t1,1
augustus.g32150.t1,1
augustus.g32151.t1,3
augustus.g32152.t1,9
augustus.g32184.t1,3
augustus.g32195.t1,3
augustus.g32201.t1,1
augustus.g32203.t1,1
augustus.g32216.t1,7
augustus.g32231.t1,16
augustus.g32243.t1,4
augustus.g32246.t1,4
augustus.g32265.t1,4
augustus.g32271.t1,1
augustus.g32282.t1,1
augustus.g32290.t1,4
augustus.g32298.t1,3
augustus.g32299.t1,1
augustus.g32301.t1,4
augustus.g32329.t1,1
augustus.g32336.t1,1
augustus.g32350.t1,9
augustus.g32357.t1,1
augustus.g32381.t1,3
augustus.g32407.t1,4
augustus.g32447.t1,4
augustus.g32450.t1,3
augustus.g32451.t1,1
augustus.g32455.t1,13
augustus.g32462.t1,3
augustus.g32467.t1,4
augustus.g32468.t1,7
augustus.g32469.t1,4
augustus.g32475.t1,18
augustus.g32486.t1,4
augustus.g32493.t1,3
augustus.g32498.t1,4
augustus.g32523.t1,1
augustus.g32651.t1,3
augustus.g32691.t1,4
augustus.g32706.t1,3
augustus.g32748.t1,4
augustus.g32754.t1,7
augustus.g32764.t1,15
augustus.g32871.t1,3
augustus.g32927.t1,4
augustus.g32931.t1,1
augustus.g32934.t1,3
augustus.g32935.t1,4
augustus.g32948.t1,7
augustus.g32968.t1,4
augustus.g32971.t1,3
augustus.g32973.t1,4
augustus.g3313.t1,3
augustus.g3316.t1,4
augustus.g33169.t1,4
augustus.g33179.t1,3
augustus.g33198.t1,9
augustus.g33209.t1,1
augustus.g3322.t1,1
augustus.g33243.t1,4
augustus.g33244.t1,3
augustus.g33253.t1,1
augustus.g33260.t1,9
augustus.g33285.t1,1
augustus.g33291.t1,4
augustus.g33293.t1,17
augustus.g33294.t1,3
augustus.g33296.t1,1
augustus.g33302.t1,4
augustus.g33339.t1,4
augustus.g33394.t1,3
augustus.g33395.t1,1
augustus.g33415.t1,3
augustus.g33425.t1,4
augustus.g33433.t1,3
augustus.g3344.t1,3
augustus.g33458.t1,1
augustus.g33464.t1,3
augustus.g33511.t1,1
augustus.g33544.t1,12
augustus.g33545.t1,15
augustus.g33571.t1,3
augustus.g33573.t1,1
augustus.g33591.t1,4
augustus.g33598.t1,3
augustus.g33614.t1,1
augustus.g33616.t1,3
augustus.g33619.t1,3
augustus.g33627.t1,2
augustus.g33652.t1,4
augustus.g33665.t1,4
augustus.g33668.t1,3
augustus.g33693.t1,4
augustus.g33696.t1,3
augustus.g33705.t1,4
augustus.g33713.t1,1
augustus.g33735.t1,3
augustus.g33736.t1,4
augustus.g33743.t1,4
augustus.g33795.t1,4
augustus.g33799.t1,4
augustus.g33800.t1,3
augustus.g33835.t1,3
augustus.g33836.t1,4
augustus.g33868.t1,1
augustus.g33870.t1,3
augustus.g33871.t1,4
augustus.g33877.t1,17
augustus.g33896.t1,11
augustus.g33920.t1,4
augustus.g33922.t1,4
augustus.g33928.t1,1
augustus.g33940.t1,3
augustus.g33950.t1,4
augustus.g33952.t1,4
augustus.g33957.t1,4
augustus.g33958.t1,4
augustus.g33963.t1,4
augustus.g33976.t1,1
augustus.g33979.t1,11
augustus.g34003.t1,3
augustus.g34004.t1,3
augustus.g34007.t1,1
augustus.g34040.t1,1
augustus.g34044.t1,4
augustus.g34045.t1,3
augustus.g3408.t1,3
augustus.g34163.t1,3
augustus.g34390.t1,3
augustus.g34422.t1,7
augustus.g34424.t1,1
augustus.g34425.t1,2
augustus.g34452.t1,3
augustus.g34510.t1,3
augustus.g34515.t1,3
augustus.g34533.t1,3
augustus.g34549.t1,6
augustus.g34567.t1,1
augustus.g34575.t1,4
augustus.g34598.t1,3
augustus.g34600.t1,1
augustus.g34603.t1,3
augustus.g34610.t1,4
augustus.g34629.t1,3
augustus.g34630.t1,3
augustus.g34637.t1,11
augustus.g34639.t1,4
augustus.g34640.t1,4
augustus.g34648.t1,1
augustus.g34665.t1,1
augustus.g34669.t1,3
augustus.g34809.t1,9
augustus.g34869.t1,5
augustus.g34906.t1,1
augustus.g34954.t1,1
augustus.g34960.t1,3
augustus.g34972.t1,1
augustus.g34973.t1,7
augustus.g34977.t1,1
augustus.g34981.t1,7
augustus.g35010.t1,4
augustus.g35015.t1,4
augustus.g35026.t1,4
augustus.g35030.t1,2
augustus.g35034.t1,7
augustus.g35039.t1,6
augustus.g35078.t1,4
augustus.g35085.t1,7
augustus.g35093.t1,4
augustus.g35095.t1,1
augustus.g35099.t1,4
augustus.g35102.t1,1
augustus.g35106.t1,3
augustus.g35112.t1,1
augustus.g35117.t1,4
augustus.g35125.t1,4
augustus.g35142.t1,10
augustus.g35150.t1,3
augustus.g35176.t1,4
augustus.g35180.t1,1
augustus.g35187.t1,1
augustus.g35193.t1,4
augustus.g35195.t1,4
augustus.g35197.t1,4
augustus.g35202.t1,4
augustus.g35214.t1,4
augustus.g35246.t1,4
augustus.g35250.t1,4
augustus.g35254.t1,4
augustus.g35257.t1,3
augustus.g35260.t1,4
augustus.g35271.t1,4
augustus.g35290.t1,1
augustus.g35292.t1,7
augustus.g35293.t1,7
augustus.g35300.t1,1
augustus.g35318.t1,11
augustus.g35322.t1,4
augustus.g35329.t1,4
augustus.g3539.t1,11
augustus.g35407.t1,1
augustus.g35416.t1,4
augustus.g35420.t1,1
augustus.g35444.t1,4
augustus.g35451.t1,3
augustus.g35471.t1,4
augustus.g35505.t1,4
augustus.g35512.t1,4
augustus.g35517.t1,3
augustus.g35523.t1,1
augustus.g35542.t1,3
augustus.g35550.t1,3
augustus.g35555.t1,4
augustus.g35590.t1,1
augustus.g35594.t1,11
augustus.g35870.t1,1
augustus.g35872.t1,1
augustus.g35873.t1,3
augustus.g35904.t1,4
augustus.g35914.t1,4
augustus.g35915.t1,3
augustus.g3592.t1,1
augustus.g35935.t1,4
augustus.g35938.t1,7
augustus.g35951.t1,2
augustus.g35952.t1,4
augustus.g35956.t1,7
augustus.g35960.t1,3
augustus.g35961.t1,4
augustus.g35962.t1,1
augustus.g35963.t1,4
augustus.g35987.t1,8
augustus.g36011.t1,1
augustus.g36036.t1,11
augustus.g36050.t1,1
augustus.g36058.t1,4
augustus.g36059.t1,3
augustus.g36060.t1,4
augustus.g36064.t1,4
augustus.g36079.t1,7
augustus.g36088.t1,4
augustus.g36103.t1,4
augustus.g36239.t1,6
augustus.g36240.t1,11
augustus.g36241.t1,1
augustus.g363.t1,1
augustus.g36304.t1,17
augustus.g36305.t1,1
augustus.g36310.t1,1
augustus.g36312.t1,15
augustus.g36315.t1,8
augustus.g36316.t1,1
augustus.g36320.t1,5
augustus.g36349.t1,4
augustus.g36364.t1,8
augustus.g36429.t1,1
augustus.g36436.t1,1
augustus.g36521.t1,1
augustus.g36522.t1,4
augustus.g36526.t1,1
augustus.g36535.t1,1
augustus.g3657.t1,5
augustus.g36638.t1,4
augustus.g36705.t1,4
augustus.g36714.t1,1
augustus.g36720.t1,4
augustus.g36721.t1,1
augustus.g36735.t1,1
augustus.g36737.t1,4
augustus.g36739.t1,3
augustus.g36741.t1,3
augustus.g36747.t1,1
augustus.g36798.t1,7
augustus.g36810.t1,3
augustus.g36813.t1,1
augustus.g36816.t1,1
augustus.g36820.t1,3
augustus.g36823.t1,18
augustus.g36886.t1,7
augustus.g36894.t1,3
augustus.g36960.t1,3
augustus.g36974.t1,3
augustus.g36978.t1,1
augustus.g36994.t1,1
augustus.g37032.t1,1
augustus.g37059.t1,4
augustus.g37063.t1,4
augustus.g37071.t1,4
augustus.g37080.t1,1
augustus.g37100.t1,1
augustus.g37104.t1,3
augustus.g37198.t1,4
augustus.g37209.t1,1
augustus.g37211.t1,3
augustus.g37213.t1,4
augustus.g37216.t1,4
augustus.g37219.t1,3
augustus.g37230.t1,4
augustus.g37231.t1,4
augustus.g37235.t1,3
augustus.g37242.t1,7
augustus.g37244.t1,1
augustus.g37264.t1,3
augustus.g37265.t1,4
augustus.g37273.t1,3
augustus.g37312.t1,1
augustus.g37316.t1,11
augustus.g37345.t1,4
augustus.g37348.t1,4
augustus.g37349.t1,4
augustus.g37350.t1,4
augustus.g37352.t1,3
augustus.g37359.t1,6
augustus.g37368.t1,1
augustus.g37389.t1,1
augustus.g37422.t1,4
augustus.g37484.t1,1
augustus.g37493.t1,1
augustus.g37495.t1,3
augustus.g37496.t1,1
augustus.g37587.t1,4
augustus.g37590.t1,1
augustus.g37593.t1,1
augustus.g37598.t1,1
augustus.g37674.t1,16
augustus.g37684.t1,3
augustus.g37741.t1,11
augustus.g37833.t1,3
augustus.g37835.t1,3
augustus.g37837.t1,4
augustus.g37873.t1,1
augustus.g3795.t1,7
augustus.g37950.t1,3
augustus.g37952.t1,19
augustus.g38004.t1,3
augustus.g38023.t1,1
augustus.g38027.t1,4
augustus.g38033.t1,3
augustus.g38035.t1,16
augustus.g38036.t1,7
augustus.g38037.t1,7
augustus.g38041.t1,7
augustus.g3806.t1,4
augustus.g38073.t1,3
augustus.g38101.t1,1
augustus.g38102.t1,1
augustus.g38103.t1,4
augustus.g38104.t1,3
augustus.g38108.t1,1
augustus.g38208.t1,4
augustus.g38238.t1,1
augustus.g38249.t1,7
augustus.g38291.t1,3
augustus.g38318.t1,1
augustus.g38324.t1,1
augustus.g38327.t1,7
augustus.g38332.t1,2
augustus.g38344.t1,1
augustus.g38348.t1,4
augustus.g38376.t1,7
augustus.g38380.t1,4
augustus.g38396.t1,4
augustus.g38563.t1,3
augustus.g3859.t1,1
augustus.g38594.t1,3
augustus.g38614.t1,1
augustus.g38615.t1,3
augustus.g3867.t1,13
augustus.g38758.t1,4
augustus.g38771.t1,4
augustus.g38790.t1,4
augustus.g38793.t1,11
augustus.g3897.t1,3
augustus.g38982.t1,4
augustus.g3900.t1,1
augustus.g39001.t1,3
augustus.g39003.t1,4
augustus.g39006.t1,1
augustus.g39010.t1,4
augustus.g39019.t1,7
augustus.g39028.t1,8
augustus.g39155.t1,1
augustus.g39294.t1,3
augustus.g39393.t1,10
augustus.g39399.t1,4
augustus.g39400.t1,4
augustus.g39402.t1,3
augustus.g39406.t1,3
augustus.g39409.t1,9
augustus.g39424.t1,1
augustus.g39434.t1,8
augustus.g39446.t1,3
augustus.g39447.t1,7
augustus.g39448.t1,1
augustus.g39450.t1,1
augustus.g39455.t1,1
augustus.g39468.t1,1
augustus.g39472.t1,1
augustus.g39478.t1,8
augustus.g3954.t1,4
augustus.g39554.t1,16
augustus.g3961.t1,8
augustus.g39613.t1,15
augustus.g39631.t1,4
augustus.g39682.t1,4
augustus.g39684.t1,4
augustus.g39760.t1,4
augustus.g39762.t1,4
augustus.g39782.t1,3
augustus.g39788.t1,3
augustus.g39843.t1,4
augustus.g39845.t1,3
augustus.g39875.t1,3
augustus.g39879.t1,4
augustus.g39897.t1,4
augustus.g39911.t1,1
augustus.g39926.t1,7
augustus.g39929.t1,4
augustus.g39951.t1,4
augustus.g39997.t1,13
augustus.g40127.t1,4
augustus.g40150.t1,4
augustus.g40301.t1,1
augustus.g40310.t1,13
augustus.g40316.t1,3
augustus.g40317.t1,4
augustus.g40324.t1,3
augustus.g40329.t1,4
augustus.g40330.t1,3
augustus.g40341.t1,1
augustus.g40390.t1,3
augustus.g40414.t1,3
augustus.g40422.t1,4
augustus.g40428.t1,8
augustus.g40429.t1,4
augustus.g40433.t1,4
augustus.g40434.t1,4
augustus.g40452.t1,2
augustus.g40658.t1,4
augustus.g40659.t1,3
augustus.g40775.t1,3
augustus.g40781.t1,4
augustus.g40782.t1,4
augustus.g40913.t1,1
augustus.g40930.t1,3
augustus.g40933.t1,4
augustus.g40940.t1,19
augustus.g40943.t1,7
augustus.g40955.t1,3
augustus.g40961.t1,4
augustus.g4097.t1,4
augustus.g41056.t1,3
augustus.g4108.t1,3
augustus.g41080.t1,3
augustus.g41124.t1,1
augustus.g41127.t1,1
augustus.g41192.t1,1
augustus.g41222.t1,19
augustus.g41224.t1,1
augustus.g41234.t1,3
augustus.g41242.t1,1
augustus.g41263.t1,1
augustus.g41285.t1,4
augustus.g41316.t1,4
augustus.g41332.t1,1
augustus.g41333.t1,3
augustus.g41334.t1,3
augustus.g41339.t1,1
augustus.g41346.t1,3
augustus.g41351.t1,7
augustus.g41388.t1,4
augustus.g41390.t1,1
augustus.g41398.t1,8
augustus.g41412.t1,4
augustus.g41413.t1,3
augustus.g41437.t1,1
augustus.g41455.t1,4
augustus.g41501.t1,4
augustus.g41503.t1,1
augustus.g41677.t1,4
augustus.g41679.t1,1
augustus.g41683.t1,4
augustus.g41731.t1,6
augustus.g41742.t1,1
augustus.g41798.t1,7
augustus.g4181.t1,3
augustus.g4182.t1,4
augustus.g41834.t1,1
augustus.g4187.t1,4
augustus.g4188.t1,3
augustus.g41902.t1,3
augustus.g41937.t1,4
augustus.g41942.t1,2
augustus.g41979.t1,3
augustus.g42003.t1,3
augustus.g42005.t1,3
augustus.g42006.t1,3
augustus.g42020.t1,8
augustus.g42032.t1,3
augustus.g42221.t1,3
augustus.g42288.t1,1
augustus.g42289.t1,4
augustus.g42292.t1,1
augustus.g42307.t1,11
augustus.g42331.t1,3
augustus.g42338.t1,8
augustus.g42339.t1,3
augustus.g42340.t1,1
augustus.g42354.t1,15
augustus.g42410.t1,4
augustus.g42414.t1,3
augustus.g4242.t1,1
augustus.g42433.t1,7
augustus.g4245.t1,4
augustus.g42577.t1,4
augustus.g42581.t1,3
augustus.g42600.t1,3
augustus.g42601.t1,4
augustus.g42616.t1,8
augustus.g42617.t1,1
augustus.g42656.t1,1
augustus.g42660.t1,4
augustus.g42810.t1,4
augustus.g42829.t1,1
augustus.g43032.t1,1
augustus.g43034.t1,4
augustus.g43037.t1,1
augustus.g43096.t1,10
augustus.g43101.t1,1
augustus.g43119.t1,1
augustus.g43236.t1,8
augustus.g43282.t1,4
augustus.g43284.t1,4
augustus.g43298.t1,8
augustus.g43301.t1,3
augustus.g43306.t1,1
augustus.g43322.t1,14
augustus.g43332.t1,12
augustus.g4335.t1,3
augustus.g43364.t1,3
augustus.g43377.t1,1
augustus.g43399.t1,13
augustus.g43402.t1,3
augustus.g43404.t1,8
augustus.g43407.t1,2
augustus.g43433.t1,20
augustus.g43515.t1,1
augustus.g43517.t1,3
augustus.g43548.t1,1
augustus.g43593.t1,4
augustus.g43595.t1,3
augustus.g43600.t1,4
augustus.g43661.t1,3
augustus.g43711.t1,1
augustus.g43712.t1,4
augustus.g43732.t1,4
augustus.g43733.t1,3
augustus.g4381.t1,3
augustus.g4384.t1,1
augustus.g4389.t1,7
augustus.g4392.t1,1
augustus.g43945.t1,4
augustus.g43974.t1,3
augustus.g43975.t1,1
augustus.g43981.t1,1
augustus.g44005.t1,17
augustus.g44013.t1,4
augustus.g44025.t1,4
augustus.g44037.t1,4
augustus.g44057.t1,4
augustus.g4407.t1,4
augustus.g44082.t1,3
augustus.g44123.t1,4
augustus.g4414.t1,12
augustus.g44167.t1,4
augustus.g44168.t1,4
augustus.g44175.t1,3
augustus.g44404.t1,4
augustus.g44405.t1,7
augustus.g44543.t1,4
augustus.g44563.t1,1
augustus.g44595.t1,4
augustus.g44608.t1,4
augustus.g44729.t1,2
augustus.g44778.t1,8
augustus.g44798.t1,3
augustus.g44801.t1,4
augustus.g44805.t1,11
augustus.g44837.t1,3
augustus.g44839.t1,11
augustus.g44991.t1,4
augustus.g45071.t1,1
augustus.g45077.t1,3
augustus.g45078.t1,4
augustus.g45142.t1,4
augustus.g45153.t1,4
augustus.g45162.t1,7
augustus.g45164.t1,8
augustus.g45176.t1,3
augustus.g4521.t1,3
augustus.g45211.t1,4
augustus.g45218.t1,4
augustus.g45219.t1,1
augustus.g45282.t1,4
augustus.g45285.t1,5
augustus.g45331.t1,9
augustus.g45338.t1,1
augustus.g45343.t1,3
augustus.g45391.t1,4
augustus.g45428.t1,1
augustus.g45438.t1,4
augustus.g45443.t1,4
augustus.g45444.t1,4
augustus.g45446.t1,4
augustus.g45449.t1,3
augustus.g45489.t1,4
augustus.g45492.t1,7
augustus.g45496.t1,7
augustus.g45497.t1,3
augustus.g45509.t1,4
augustus.g45512.t1,3
augustus.g45530.t1,4
augustus.g45538.t1,3
augustus.g45540.t1,3
augustus.g45559.t1,4
augustus.g45569.t1,11
augustus.g45580.t1,11
augustus.g45715.t1,4
augustus.g45763.t1,4
augustus.g45769.t1,1
augustus.g45775.t1,11
augustus.g45857.t1,3
augustus.g45858.t1,3
augustus.g45859.t1,4
augustus.g45863.t1,3
augustus.g45987.t1,10
augustus.g46062.t1,4
augustus.g46066.t1,7
augustus.g46067.t1,3
augustus.g46069.t1,3
augustus.g46076.t1,3
augustus.g46140.t1,4
augustus.g46144.t1,1
augustus.g46147.t1,4
augustus.g46213.t1,4
augustus.g46219.t1,4
augustus.g46222.t1,1
augustus.g46223.t1,4
augustus.g46224.t1,4
augustus.g46293.t1,16
augustus.g46325.t1,4
augustus.g46329.t1,1
augustus.g46330.t1,1
augustus.g46331.t1,3
augustus.g46332.t1,3
augustus.g46333.t1,4
augustus.g46335.t1,1
augustus.g46342.t1,1
augustus.g46347.t1,3
augustus.g46348.t1,7
augustus.g46368.t1,4
augustus.g46469.t1,1
augustus.g46482.t1,1
augustus.g46485.t1,4
augustus.g4649.t1,8
augustus.g4666.t1,21
augustus.g46686.t1,11
augustus.g46694.t1,4
augustus.g46697.t1,1
augustus.g46698.t1,11
augustus.g46699.t1,3
augustus.g46703.t1,4
augustus.g46705.t1,22
augustus.g46706.t1,4
augustus.g46767.t1,1
augustus.g4677.t1,1
augustus.g46893.t1,1
augustus.g46894.t1,2
augustus.g46899.t1,1
augustus.g46901.t1,3
augustus.g46903.t1,4
augustus.g46958.t1,3
augustus.g46960.t1,4
augustus.g46970.t1,3
augustus.g46971.t1,11
augustus.g47015.t1,1
augustus.g47021.t1,1
augustus.g47027.t1,3
augustus.g47029.t1,1
augustus.g47061.t1,1
augustus.g47126.t1,1
augustus.g47127.t1,1
augustus.g47144.t1,4
augustus.g47145.t1,3
augustus.g47150.t1,4
augustus.g47153.t1,3
augustus.g4721.t1,4
augustus.g47222.t1,4
augustus.g47223.t1,3
augustus.g47225.t1,3
augustus.g47229.t1,4
augustus.g47257.t1,4
augustus.g474.t1,1
augustus.g47448.t1,4
augustus.g47457.t1,7
augustus.g47466.t1,7
augustus.g47470.t1,4
augustus.g47497.t1,3
augustus.g47504.t1,3
augustus.g47587.t1,4
augustus.g47590.t1,4
augustus.g47591.t1,1
augustus.g47627.t1,4
augustus.g47629.t1,3
augustus.g4765.t1,4
augustus.g4767.t1,9
augustus.g47697.t1,3
augustus.g47749.t1,4
augustus.g47990.t1,3
augustus.g48003.t1,1
augustus.g48010.t1,3
augustus.g48034.t1,1
augustus.g48071.t1,4
augustus.g48077.t1,16
augustus.g48078.t1,4
augustus.g48079.t1,3
augustus.g48082.t1,1
augustus.g48088.t1,3
augustus.g48092.t1,4
augustus.g48100.t1,3
augustus.g48102.t1,1
augustus.g48104.t1,1
augustus.g48106.t1,7
augustus.g48118.t1,3
augustus.g48131.t1,3
augustus.g48205.t1,4
augustus.g48216.t1,4
augustus.g48221.t1,3
augustus.g48227.t1,4
augustus.g48268.t1,4
augustus.g48269.t1,1
augustus.g48273.t1,3
augustus.g48357.t1,4
augustus.g48449.t1,4
augustus.g48488.t1,4
augustus.g48521.t1,3
augustus.g48524.t1,4
augustus.g48547.t1,3
augustus.g48563.t1,4
augustus.g48573.t1,3
augustus.g48574.t1,7
augustus.g48583.t1,7
augustus.g48632.t1,1
augustus.g48634.t1,4
augustus.g48635.t1,4
augustus.g48636.t1,15
augustus.g48639.t1,1
augustus.g48684.t1,4
augustus.g48689.t1,4
augustus.g48691.t1,1
augustus.g48747.t1,4
augustus.g48777.t1,1
augustus.g48783.t1,4
augustus.g48819.t1,4
augustus.g48851.t1,1
augustus.g49011.t1,4
augustus.g49068.t1,4
augustus.g49073.t1,3
augustus.g49078.t1,1
augustus.g49139.t1,1
augustus.g49149.t1,4
augustus.g49156.t1,3
augustus.g49197.t1,1
augustus.g49202.t1,7
augustus.g49263.t1,4
augustus.g49265.t1,1
augustus.g49275.t1,4
augustus.g49347.t1,3
augustus.g49349.t1,11
augustus.g49482.t1,4
augustus.g49483.t1,13
augustus.g49548.t1,1
augustus.g49549.t1,6
augustus.g49605.t1,1
augustus.g49629.t1,4
augustus.g49656.t1,1
augustus.g49659.t1,11
augustus.g498.t1,4
augustus.g49848.t1,4
augustus.g49849.t1,8
augustus.g49854.t1,3
augustus.g49864.t1,11
augustus.g49870.t1,3
augustus.g49874.t1,4
augustus.g49876.t1,1
augustus.g49892.t1,4
augustus.g49894.t1,3
augustus.g49917.t1,2
augustus.g49922.t1,7
augustus.g5006.t1,4
augustus.g50137.t1,4
augustus.g50228.t1,4
augustus.g5038.t1,4
augustus.g504.t1,1
augustus.g50407.t1,4
augustus.g5042.t1,1
augustus.g5043.t1,7
augustus.g50450.t1,4
augustus.g50474.t1,4
augustus.g5052.t1,1
augustus.g50608.t1,3
augustus.g50686.t1,3
augustus.g50687.t1,3
augustus.g50696.t1,5
augustus.g50717.t1,4
augustus.g50733.t1,3
augustus.g50734.t1,4
augustus.g50736.t1,4
augustus.g50737.t1,3
augustus.g50755.t1,4
augustus.g50756.t1,3
augustus.g50784.t1,1
augustus.g50797.t1,1
augustus.g508.t1,19
augustus.g50891.t1,3
augustus.g50895.t1,7
augustus.g50913.t1,3
augustus.g50917.t1,1
augustus.g50931.t1,7
augustus.g50936.t1,3
augustus.g5110.t1,1
augustus.g51105.t1,1
augustus.g51181.t1,4
augustus.g51183.t1,3
augustus.g51254.t1,4
augustus.g51279.t1,4
augustus.g51413.t1,4
augustus.g5147.t1,4
augustus.g51635.t1,3
augustus.g51636.t1,3
augustus.g51644.t1,4
augustus.g51654.t1,1
augustus.g51657.t1,3
augustus.g51662.t1,1
augustus.g51666.t1,13
augustus.g51690.t1,4
augustus.g51719.t1,4
augustus.g5178.t1,4
augustus.g5184.t1,4
augustus.g51847.t1,1
augustus.g52039.t1,3
augustus.g52041.t1,4
augustus.g52042.t1,1
augustus.g52056.t1,7
augustus.g52068.t1,3
augustus.g52082.t1,1
augustus.g52212.t1,1
augustus.g5231.t1,4
augustus.g52461.t1,1
augustus.g52462.t1,4
augustus.g52465.t1,13
augustus.g52471.t1,4
augustus.g52497.t1,4
augustus.g52525.t1,4
augustus.g52529.t1,4
augustus.g52530.t1,1
augustus.g52544.t1,1
augustus.g52590.t1,1
augustus.g52595.t1,4
augustus.g52607.t1,3
augustus.g52615.t1,23
augustus.g52620.t1,7
augustus.g52625.t1,4
augustus.g52714.t1,4
augustus.g52737.t1,7
augustus.g52752.t1,4
augustus.g52803.t1,4
augustus.g52840.t1,4
augustus.g52842.t1,1
augustus.g52847.t1,4
augustus.g5285.t1,4
augustus.g52872.t1,7
augustus.g52894.t1,9
augustus.g5297.t1,3
augustus.g53112.t1,4
augustus.g53131.t1,4
augustus.g53168.t1,3
augustus.g53169.t1,3
augustus.g53176.t1,3
augustus.g53240.t1,4
augustus.g5325.t1,2
augustus.g5328.t1,4
augustus.g53333.t1,4
augustus.g53334.t1,3
augustus.g53387.t1,4
augustus.g53481.t1,3
augustus.g53483.t1,3
augustus.g53496.t1,3
augustus.g53512.t1,4
augustus.g53518.t1,4
augustus.g53523.t1,3
augustus.g53534.t1,1
augustus.g53587.t1,1
augustus.g53594.t1,4
augustus.g53637.t1,4
augustus.g53639.t1,1
augustus.g53649.t1,4
augustus.g53651.t1,1
augustus.g53737.t1,1
augustus.g53744.t1,3
augustus.g53763.t1,3
augustus.g53769.t1,1
augustus.g53783.t1,7
augustus.g53787.t1,1
augustus.g53875.t1,3
augustus.g539.t1,4
augustus.g53905.t1,4
augustus.g53961.t1,4
augustus.g53999.t1,4
augustus.g54009.t1,4
augustus.g54010.t1,5
augustus.g54030.t1,7
augustus.g54181.t1,3
augustus.g54238.t1,1
augustus.g54240.t1,1
augustus.g54243.t1,1
augustus.g54279.t1,7
augustus.g54283.t1,13
augustus.g54285.t1,3
augustus.g54289.t1,3
augustus.g54292.t1,7
augustus.g54323.t1,1
augustus.g54338.t1,1
augustus.g54368.t1,1
augustus.g54400.t1,7
augustus.g54402.t1,3
augustus.g54429.t1,1
augustus.g54439.t1,1
augustus.g54443.t1,4
augustus.g54444.t1,4
augustus.g54486.t1,1
augustus.g54585.t1,4
augustus.g54598.t1,3
augustus.g546.t1,4
augustus.g54693.t1,1
augustus.g547.t1,1
augustus.g54739.t1,3
augustus.g54783.t1,1
augustus.g54833.t1,4
augustus.g54912.t1,4
augustus.g54932.t1,8
augustus.g54935.t1,4
augustus.g54942.t1,3
augustus.g54943.t1,4
augustus.g54944.t1,3
augustus.g54961.t1,4
augustus.g54967.t1,3
augustus.g54978.t1,4
augustus.g54981.t1,4
augustus.g55063.t1,11
augustus.g55064.t1,1
augustus.g55070.t1,1
augustus.g55133.t1,3
augustus.g55138.t1,1
augustus.g55145.t1,1
augustus.g55162.t1,4
augustus.g55163.t1,4
augustus.g55175.t1,4
augustus.g55287.t1,1
augustus.g55310.t1,3
augustus.g55360.t1,3
augustus.g55427.t1,1
augustus.g55428.t1,4
augustus.g55430.t1,3
augustus.g55490.t1,1
augustus.g55527.t1,3
augustus.g55528.t1,3
augustus.g55535.t1,19
augustus.g55565.t1,1
augustus.g55595.t1,4
augustus.g55625.t1,7
augustus.g55627.t1,4
augustus.g55652.t1,3
augustus.g55653.t1,1
augustus.g55685.t1,7
augustus.g55687.t1,4
augustus.g55692.t1,16
augustus.g55696.t1,4
augustus.g55697.t1,4
augustus.g55698.t1,1
augustus.g55709.t1,4
augustus.g55713.t1,3
augustus.g55718.t1,1
augustus.g55763.t1,1
augustus.g5581.t1,4
augustus.g55913.t1,4
augustus.g55917.t1,1
augustus.g55922.t1,1
augustus.g55974.t1,7
augustus.g55975.t1,1
augustus.g55984.t1,4
augustus.g55985.t1,4
augustus.g55986.t1,7
augustus.g56085.t1,1
augustus.g56095.t1,3
augustus.g56201.t1,4
augustus.g56203.t1,1
augustus.g56264.t1,3
augustus.g56275.t1,1
augustus.g56341.t1,3
augustus.g56347.t1,1
augustus.g56370.t1,3
augustus.g56372.t1,3
augustus.g56506.t1,4
augustus.g56709.t1,9
augustus.g56759.t1,4
augustus.g56865.t1,4
augustus.g56885.t1,1
augustus.g56978.t1,4
augustus.g56979.t1,3
augustus.g56986.t1,3
augustus.g57117.t1,1
augustus.g57143.t1,4
augustus.g57149.t1,4
augustus.g57150.t1,4
augustus.g57156.t1,4
augustus.g57164.t1,9
augustus.g57176.t1,4
augustus.g57180.t1,3
augustus.g57216.t1,4
augustus.g57241.t1,1
augustus.g57244.t1,3
augustus.g57304.t1,3
augustus.g57306.t1,3
augustus.g57307.t1,3
augustus.g57318.t1,6
augustus.g57324.t1,3
augustus.g57436.t1,3
augustus.g57515.t1,4
augustus.g57521.t1,4
augustus.g57524.t1,4
augustus.g57629.t1,3
augustus.g57634.t1,4
augustus.g57655.t1,3
augustus.g57751.t1,4
augustus.g57778.t1,3
augustus.g57780.t1,4
augustus.g57800.t1,1
augustus.g57804.t1,13
augustus.g57846.t1,3
augustus.g58041.t1,7
augustus.g58049.t1,4
augustus.g58053.t1,13
augustus.g58054.t1,4
augustus.g58077.t1,5
augustus.g58090.t1,4
augustus.g58092.t1,4
augustus.g58159.t1,4
augustus.g58186.t1,3
augustus.g58240.t1,4
augustus.g5825.t1,1
augustus.g58299.t1,1
augustus.g58301.t1,3
augustus.g58302.t1,3
augustus.g58310.t1,3
augustus.g58316.t1,3
augustus.g58329.t1,4
augustus.g58339.t1,1
augustus.g58351.t1,7
augustus.g58372.t1,4
augustus.g58390.t1,1
augustus.g58494.t1,4
augustus.g58505.t1,4
augustus.g58535.t1,4
augustus.g58561.t1,1
augustus.g58571.t1,3
augustus.g58580.t1,1
augustus.g58601.t1,7
augustus.g58644.t1,3
augustus.g58768.t1,4
augustus.g58827.t1,4
augustus.g58837.t1,4
augustus.g58843.t1,13
augustus.g58844.t1,2
augustus.g58864.t1,1
augustus.g59067.t1,4
augustus.g59073.t1,8
augustus.g59079.t1,3
augustus.g59121.t1,1
augustus.g59124.t1,8
augustus.g59201.t1,4
augustus.g59309.t1,3
augustus.g59496.t1,4
augustus.g59540.t1,13
augustus.g59694.t1,4
augustus.g597.t1,3
augustus.g59707.t1,1
augustus.g59713.t1,4
augustus.g59715.t1,4
augustus.g59951.t1,4
augustus.g59952.t1,12
augustus.g59983.t1,7
augustus.g59993.t1,3
augustus.g60042.t1,1
augustus.g60043.t1,4
augustus.g60137.t1,4
augustus.g60153.t1,4
augustus.g60237.t1,1
augustus.g60245.t1,1
augustus.g60346.t1,1
augustus.g6035.t1,4
augustus.g60383.t1,7
augustus.g60390.t1,1
augustus.g60522.t1,4
augustus.g60582.t1,1
augustus.g60642.t1,1
augustus.g60646.t1,4
augustus.g60662.t1,1
augustus.g60679.t1,1
augustus.g6069.t1,4
augustus.g60691.t1,2
augustus.g60698.t1,16
augustus.g60708.t1,1
augustus.g60712.t1,3
augustus.g60885.t1,4
augustus.g60886.t1,3
augustus.g609.t1,4
augustus.g60902.t1,4
augustus.g60915.t1,4
augustus.g60991.t1,11
augustus.g60996.t1,4
augustus.g61003.t1,3
augustus.g61014.t1,7
augustus.g61029.t1,1
augustus.g61030.t1,4
augustus.g61122.t1,1
augustus.g61123.t1,7
augustus.g61145.t1,13
augustus.g61199.t1,4
augustus.g61325.t1,4
augustus.g61461.t1,5
augustus.g61541.t1,1
augustus.g61545.t1,4
augustus.g61573.t1,1
augustus.g61598.t1,3
augustus.g61630.t1,4
augustus.g61631.t1,1
augustus.g61632.t1,7
augustus.g61662.t1,7
augustus.g61663.t1,13
augustus.g61678.t1,4
augustus.g61691.t1,1
augustus.g61692.t1,3
augustus.g61770.t1,1
augustus.g61778.t1,3
augustus.g61785.t1,4
augustus.g61802.t1,2
augustus.g6184.t1,3
augustus.g61849.t1,1
augustus.g61852.t1,4
augustus.g61923.t1,3
augustus.g61924.t1,3
augustus.g61952.t1,1
augustus.g61953.t1,7
augustus.g61979.t1,1
augustus.g61986.t1,7
augustus.g62004.t1,3
augustus.g62005.t1,7
augustus.g62079.t1,1
augustus.g62125.t1,3
augustus.g62126.t1,3
augustus.g62128.t1,1
augustus.g62141.t1,7
augustus.g62142.t1,4
augustus.g62143.t1,4
augustus.g62144.t1,7
augustus.g62271.t1,1
augustus.g62275.t1,13
augustus.g62350.t1,1
augustus.g62351.t1,8
augustus.g62389.t1,4
augustus.g62390.t1,4
augustus.g62404.t1,3
augustus.g62407.t1,4
augustus.g62421.t1,1
augustus.g62485.t1,9
augustus.g62487.t1,4
augustus.g62605.t1,1
augustus.g62606.t1,3
augustus.g62624.t1,1
augustus.g62660.t1,1
augustus.g62662.t1,4
augustus.g62721.t1,4
augustus.g62726.t1,4
augustus.g62732.t1,4
augustus.g62771.t1,4
augustus.g62777.t1,7
augustus.g62792.t1,3
augustus.g62827.t1,4
augustus.g62847.t1,7
augustus.g62854.t1,1
augustus.g62876.t1,3
augustus.g63003.t1,3
augustus.g63022.t1,1
augustus.g63023.t1,3
augustus.g63033.t1,3
augustus.g63035.t1,4
augustus.g63047.t1,1
augustus.g63054.t1,1
augustus.g6324.t1,4
augustus.g63248.t1,1
augustus.g6325.t1,4
augustus.g63255.t1,1
augustus.g63263.t1,12
augustus.g6327.t1,3
augustus.g63272.t1,1
augustus.g63273.t1,4
augustus.g63280.t1,4
augustus.g63355.t1,4
augustus.g63386.t1,1
augustus.g63466.t1,4
augustus.g63472.t1,3
augustus.g63510.t1,3
augustus.g6367.t1,3
augustus.g6368.t1,3
augustus.g6370.t1,3
augustus.g6372.t1,3
augustus.g63777.t1,3
augustus.g63802.t1,16
augustus.g63834.t1,1
augustus.g63846.t1,4
augustus.g63848.t1,3
augustus.g63889.t1,7
augustus.g63894.t1,1
augustus.g63895.t1,1
augustus.g64054.t1,13
augustus.g64056.t1,12
augustus.g64063.t1,19
augustus.g64064.t1,19
augustus.g64069.t1,4
augustus.g64074.t1,1
augustus.g64085.t1,7
augustus.g64086.t1,3
augustus.g64089.t1,1
augustus.g6409.t1,4
augustus.g6411.t1,8
augustus.g64234.t1,4
augustus.g64238.t1,2
augustus.g64239.t1,4
augustus.g64285.t1,3
augustus.g64286.t1,1
augustus.g64312.t1,1
augustus.g64357.t1,11
augustus.g64358.t1,16
augustus.g64416.t1,4
augustus.g64464.t1,1
augustus.g64474.t1,4
augustus.g64481.t1,1
augustus.g64486.t1,3
augustus.g64607.t1,1
augustus.g64672.t1,1
augustus.g64717.t1,4
augustus.g64719.t1,3
augustus.g64750.t1,3
augustus.g64751.t1,4
augustus.g64787.t1,4
augustus.g64796.t1,4
augustus.g65035.t1,3
augustus.g65050.t1,7
augustus.g65053.t1,3
augustus.g65054.t1,17
augustus.g65055.t1,9
augustus.g65069.t1,1
augustus.g65072.t1,3
augustus.g65073.t1,3
augustus.g65078.t1,4
augustus.g65105.t1,18
augustus.g65411.t1,8
augustus.g65427.t1,4
augustus.g65433.t1,3
augustus.g65475.t1,1
augustus.g65489.t1,22
augustus.g65500.t1,1
augustus.g65506.t1,1
augustus.g65825.t1,4
augustus.g65826.t1,1
augustus.g65832.t1,4
augustus.g65880.t1,4
augustus.g65886.t1,7
augustus.g65913.t1,1
augustus.g65965.t1,4
augustus.g65966.t1,3
augustus.g65975.t1,15
augustus.g66050.t1,6
augustus.g66112.t1,3
augustus.g66113.t1,3
augustus.g66171.t1,1
augustus.g66172.t1,4
augustus.g66178.t1,3
augustus.g66179.t1,3
augustus.g66180.t1,4
augustus.g66191.t1,1
augustus.g66204.t1,1
augustus.g66214.t1,1
augustus.g66215.t1,1
augustus.g66326.t1,9
augustus.g66329.t1,3
augustus.g66437.t1,3
augustus.g66452.t1,3
augustus.g66539.t1,1
augustus.g66566.t1,1
augustus.g66567.t1,4
augustus.g66568.t1,3
augustus.g66570.t1,4
augustus.g66595.t1,1
augustus.g6665.t1,3
augustus.g66694.t1,3
augustus.g66695.t1,1
augustus.g66742.t1,7
augustus.g66766.t1,4
augustus.g66847.t1,3
augustus.g66859.t1,3
augustus.g66866.t1,4
augustus.g66867.t1,1
augustus.g66879.t1,1
augustus.g66881.t1,1
augustus.g66929.t1,11
augustus.g66936.t1,7
augustus.g66956.t1,11
augustus.g67044.t1,9
augustus.g67047.t1,4
augustus.g67127.t1,4
augustus.g67149.t1,4
augustus.g67151.t1,1
augustus.g67160.t1,1
augustus.g67172.t1,3
augustus.g67240.t1,4
augustus.g67242.t1,3
augustus.g67245.t1,1
augustus.g67248.t1,3
augustus.g67284.t1,4
augustus.g67296.t1,3
augustus.g67308.t1,4
augustus.g67317.t1,4
augustus.g67321.t1,4
augustus.g67322.t1,4
augustus.g67328.t1,4
augustus.g67353.t1,3
augustus.g67354.t1,4
augustus.g67355.t1,4
augustus.g67362.t1,4
augustus.g6737.t1,4
augustus.g67370.t1,1
augustus.g67446.t1,3
augustus.g67451.t1,4
augustus.g67453.t1,1
augustus.g67498.t1,15
augustus.g67501.t1,1
augustus.g67734.t1,3
augustus.g67735.t1,3
augustus.g67736.t1,1
augustus.g67738.t1,3
augustus.g67777.t1,3
augustus.g67778.t1,1
augustus.g67780.t1,4
augustus.g67828.t1,2
augustus.g67846.t1,3
augustus.g67855.t1,9
augustus.g67868.t1,1
augustus.g67869.t1,4
augustus.g6792.t1,7
augustus.g68018.t1,3
augustus.g68025.t1,4
augustus.g68066.t1,4
augustus.g68152.t1,4
augustus.g68164.t1,1
augustus.g68166.t1,4
augustus.g68176.t1,1
augustus.g68190.t1,3
augustus.g68195.t1,4
augustus.g68201.t1,4
augustus.g68204.t1,4
augustus.g68341.t1,3
augustus.g68749.t1,1
augustus.g68765.t1,7
augustus.g68798.t1,3
augustus.g68838.t1,4
augustus.g68888.t1,9
augustus.g68938.t1,12
augustus.g68939.t1,4
augustus.g69052.t1,1
augustus.g69055.t1,4
augustus.g69136.t1,1
augustus.g69137.t1,3
augustus.g69325.t1,1
augustus.g69363.t1,4
augustus.g69404.t1,1
augustus.g69413.t1,4
augustus.g69462.t1,1
augustus.g69497.t1,3
augustus.g69702.t1,1
augustus.g69789.t1,4
augustus.g69797.t1,7
augustus.g69804.t1,6
augustus.g69867.t1,4
augustus.g69883.t1,1
augustus.g70035.t1,1
augustus.g70038.t1,3
augustus.g70043.t1,18
augustus.g70079.t1,8
augustus.g70151.t1,4
augustus.g70203.t1,1
augustus.g70204.t1,1
augustus.g70335.t1,4
augustus.g7036.t1,1
augustus.g70483.t1,3
augustus.g70499.t1,1
augustus.g70558.t1,4
augustus.g70622.t1,4
augustus.g70623.t1,7
augustus.g70624.t1,1
augustus.g70625.t1,4
augustus.g7070.t1,1
augustus.g70712.t1,1
augustus.g70884.t1,1
augustus.g70886.t1,20
augustus.g70892.t1,7
augustus.g70897.t1,4
augustus.g70995.t1,14
augustus.g70997.t1,3
augustus.g71002.t1,4
augustus.g71046.t1,3
augustus.g71052.t1,1
augustus.g71122.t1,4
augustus.g71159.t1,3
augustus.g7118.t1,1
augustus.g71196.t1,8
augustus.g71197.t1,4
augustus.g71200.t1,4
augustus.g71328.t1,4
augustus.g71349.t1,1
augustus.g71354.t1,3
augustus.g71428.t1,4
augustus.g71511.t1,4
augustus.g71563.t1,3
augustus.g7188.t1,1
augustus.g7192.t1,1
augustus.g7193.t1,1
augustus.g727.t1,4
augustus.g731.t1,3
augustus.g7310.t1,4
augustus.g7357.t1,1
augustus.g7387.t1,1
augustus.g7621.t1,4
augustus.g7950.t1,4
augustus.g8019.t1,4
augustus.g802.t1,4
augustus.g8029.t1,1
augustus.g8031.t1,3
augustus.g8134.t1,4
augustus.g8144.t1,1
augustus.g8145.t1,3
augustus.g8352.t1,4
augustus.g8391.t1,1
augustus.g8470.t1,9
augustus.g8513.t1,4
augustus.g8629.t1,3
augustus.g8631.t1,3
augustus.g8632.t1,4
augustus.g8844.t1,6
augustus.g9019.t1,1
augustus.g9062.t1,3
augustus.g9239.t1,1
augustus.g9579.t1,1
augustus.g9580.t1,5
augustus.g9628.t1,13
augustus.g9676.t1,4
augustus.g9782.t1,7
augustus.g9810.t1,4
augustus.g982.t1,3
augustus.g9832.t1,3
augustus.g9960.t1,1
adi2mcaRNA10072_R0,4
adi2mcaRNA10073_R0,4
adi2mcaRNA10132_R0,4
adi2mcaRNA1019_R0,1
adi2mcaRNA1021_R0,3
adi2mcaRNA10296_R0,3
augustus.g57619.t1,11
adi2mcaRNA10307_R0,4
adi2mcaRNA10310_R0,4
adi2mcaRNA10298_R0,3
adi2mcaRNA10795_R0,1
adi2mcaRNA10314_R0,4
adi2mcaRNA11036_R3,4
augustus.g51194.t1,7
adi2mcaRNA11065_R0,1
adi2mcaRNA11601_R0,4
augustus.g6852.t1,1
adi2mcaRNA12_R5,7
augustus.g34374.t1,17
augustus.g68058.t1,9
augustus.g34373.t1,17
augustus.g34372.t1,9
augustus.g48392.t1,13
adi2mcaRNA13157_R0,3
adi2mcaRNA13580_R0,4
adi2mcaRNA13665_R0,7
adi2mcaRNA14033_R0,3
adi2mcaRNA14437_R2,4
augustus.g66116.t1,1
augustus.g29913.t1,4
adi2mcaRNA14688_R0,4
adi2mcaRNA17125_R0,9
adi2mcaRNA10406_R0,7
adi2mcaRNA15301_R0,3
augustus.g43774.t1,1
adi2mcaRNA15695_R0,4
adi2mcaRNA1571_R4,1
adi2mcaRNA28421_R5,9
adi2mcaRNA5154_R1,1
adi2mcaRNA17730_R5,7
adi2mcaRNA7616_R8,7
adi2mcaRNA38888_R4,1
adi2mcaRNA29847_R3,11
adi2mcaRNA7616_R6,7
adi2mcaRNA28674_R3,2
adi2mcaRNA15808_R1,9
adi2mcaRNA16122_R0,3
adi2mcaRNA16379_R1,1
augustus.g11003.t1,1
adi2mcaRNA16471_R0,4
adi2mcaRNA16921_R0,13
adi2mcaRNA17129_R0,4
adi2mcaRNA1712_R2,13
adi2mcaRNA10446_R5,4
adi2mcaRNA17590_R1,7
adi2mcaRNA17871_R0,4
adi2mcaRNA18058_R1,2
adi2mcaRNA18689_R0,4
augustus.g17600.t1,4
augustus.g17604.t1,4
adi2mcaRNA18940_R0,4
adi2mcaRNA18945_R0,3
adi2mcaRNA1913_R1,1
augustus.g15692.t1,7
adi2mcaRNA19686_R0,7
augustus.g55668.t1,1
augustus.g17037.t1,7
augustus.g55927.t1,10
adi2mcaRNA10569_R2,3
adi2mcaRNA19853_R1,8
adi2mcaRNA20406_R0,8
adi2mcaRNA2055_R1,8
adi2mcaRNA21098_R0,4
adi2mcaRNA21098_R1,11
augustus.g3127.t1,4
adi2mcaRNA23243_R0,3
adi2mcaRNA23330_R0,1
adi2mcaRNA23565_R0,4
adi2mcaRNA23847_R3,15
adi2mcaRNA24514_R0,4
adi2mcaRNA24765_R5,16
augustus.g24206.t1,8
adi2mcaRNA10754_R1,4
adi2mcaRNA24840_R0,4
adi2mcaRNA25316_R4,24
adi2mcaRNA21955_R0,9
adi2mcaRNA25397_R0,1
adi2mcaRNA25456_R0,6
adi2mcaRNA25593_R5,1
augustus.g403.t1,11
augustus.g70645.t1,1
adi2mcaRNA25672_R0,4
adi2mcaRNA25672_R2,1
adi2mcaRNA2676_R1,4
adi2mcaRNA26986_R0,3
adi2mcaRNA26986_R3,14
adi2mcaRNA26986_R2,4
adi2mcaRNA27095_R1,1
adi2mcaRNA27224_R0,4
adi2mcaRNA10800_R0,4
adi2mcaRNA27270_R2,16
adi2mcaRNA27696_R2,3
augustus.g55442.t1,4
adi2mcaRNA2792_R1,4
augustus.g54733.t1,4
adi2mcaRNA27975_R2,3
adi2mcaRNA20376_R0,4
adi2mcaRNA29127_R3,3
adi2mcaRNA29127_R4,11
adi2mcaRNA3019_R0,1
adi2mcaRNA30786_R0,4
adi2mcaRNA30835_R0,1
augustus.g39904.t1,11
adi2mcaRNA30862_R0,1
adi2mcaRNA30862_R1,25
adi2mcaRNA40854_R4,1
adi2mcaRNA3114_R1,1
adi2mcaRNA10809_R0,3
adi2mcaRNA31290_R2,1
augustus.g24378.t1,1
adi2mcaRNA31928_R0,4
adi2mcaRNA32476_R0,12
adi2mcaRNA32698_R0,1
adi2mcaRNA32703_R1,4
adi2mcaRNA33044_R1,9
adi2mcaRNA33649_R1,3
adi2mcaRNA33649_R0,3
adi2mcaRNA33647_R3,8
adi2mcaRNA34167_R1,4
adi2mcaRNA34168_R4,1
adi2mcaRNA34168_R2,12
adi2mcaRNA10940_R1,1
adi2mcaRNA34384_R0,1
adi2mcaRNA34528_R0,11
adi2mcaRNA35119_R0,4
augustus.g58119.t1,1
adi2mcaRNA35439_R1,4
adi2mcaRNA35439_R2,4
adi2mcaRNA35470_R1,8
adi2mcaRNA35800_R4,16
adi2mcaRNA35869_R0,23
adi2mcaRNA11551_R0,1
adi2mcaRNA33003_R0,1
adi2mcaRNA33132_R8,4
adi2mcaRNA12_R2,11
augustus.g34130.t1,8
adi2mcaRNA10970_R0,3
adi2mcaRNA36021_R2,4
adi2mcaRNA36153_R1,1
adi2mcaRNA36616_R0,4
adi2mcaRNA36659_R0,4
adi2mcaRNA3743_R0,2
adi2mcaRNA3875_R0,1
adi2mcaRNA39206_R0,3
adi2mcaRNA40382_R0,3
augustus.g30774.t1,4
adi2mcaRNA41381_R0,1
augustus.g22452.t1,1
adi2mcaRNA4451_R1,4
adi2mcaRNA11052_R0,13
adi2mcaRNA4511_R0,1
adi2mcaRNA4535_R0,1
adi2mcaRNA4893_R1,12
adi2mcaRNA4923_R0,3
augustus.g63102.t1,1
adi2mcaRNA5413_R0,3
adi2mcaRNA5851_R2,4
adi2mcaRNA6594_R0,1
adi2mcaRNA6594_R3,3
adi2mcaRNA6594_R5,4
adi2mcaRNA6696_R0,3
adi2mcaRNA11090_R0,1
adi2mcaRNA716_R0,1
adi2mcaRNA8000_R0,4
adi2mcaRNA815_R3,1
adi2mcaRNA814_R1,1
adi2mcaRNA8499_R0,2
adi2mcaRNA8_R9,1
augustus.g51805.t1,8
adi2mcaRNA12_R8,1
adi2mcaRNA33134_R9,2
adi2mcaRNA9177_R0,3
adi2mcaRNA9177_R2,4
adi2mcaRNA918_R1,1
augustus.g63385.t1,1
adi2mcaRNA9513_R0,3
augustus.g43359.t1,11
adi2mcaRNA9523_R5,2
augustus.g10108.t1,3
augustus.g10109.t1,3
augustus.g56130.t1,4
adi2mcaRNA11091_R0,7
augustus.g1017.t1,1
augustus.g10587.t1,6
augustus.g10625.t1,1
augustus.g10729.t1,4
augustus.g10871.t1,4
augustus.g10927.t1,3
augustus.g10955.t1,4
augustus.g11248.t1,13
augustus.g1131.t1,4
augustus.g38777.t1,4
augustus.g11358.t1,14
augustus.g1767.t1,4
augustus.g1770.t1,11
adi2mcaRNA11316_R0,1
augustus.g1138.t1,1
augustus.g11428.t1,1
adi2mcaRNA18163_R0,25
augustus.g11602.t1,4
augustus.g11660.t1,4
augustus.g11682.t1,4
augustus.g11771.t1,1
augustus.g12672.t1,1
augustus.g11801.t1,12
adi2mcaRNA15483_R2,16
augustus.g58777.t1,16
augustus.g11858.t1,1
augustus.g11864.t1,10
augustus.g11868.t1,6
augustus.g11881.t1,1
adi2mcaRNA30008_R5,4
augustus.g11882.t1,8
adi2mcaRNA11453_R0,1
augustus.g11894.t1,1
augustus.g11891.t1,1
augustus.g25547.t1,10
augustus.g11968.t1,1
augustus.g12064.t1,1
augustus.g12080.t1,4
augustus.g12105.t1,3
augustus.g39949.t1,1
augustus.g41235.t1,11
augustus.g12133.t1,2
augustus.g28683.t1,13
augustus.g16394.t1,7
adi2mcaRNA33323_R3,4
augustus.g21404.t1,7
augustus.g14024.t1,1
adi2mcaRNA5341_R4,1
augustus.g19804.t1,7
adi2mcaRNA5340_R0,18
augustus.g12900.t1,2
augustus.g12194.t1,11
augustus.g12203.t1,1
augustus.g12344.t1,4
augustus.g12445.t1,1
adi2mcaRNA11645_R0,1
augustus.g12457.t1,3
augustus.g12461.t1,1
augustus.g12472.t1,7
augustus.g34849.t1,2
augustus.g12514.t1,4
augustus.g12664.t1,11
augustus.g12774.t1,1
augustus.g12778.t1,1
augustus.g12782.t1,3
augustus.g12783.t1,1
augustus.g12821.t1,1
adi2mcaRNA11698_R0,4
augustus.g12923.t1,4
augustus.g11606.t1,1
augustus.g11605.t1,15
adi2mcaRNA9874_R4,9
augustus.g13.t1,15
augustus.g13093.t1,4
augustus.g13121.t1,1
augustus.g13202.t1,3
augustus.g1327.t1,11
augustus.g31401.t1,8
augustus.g1328.t1,8
augustus.g13443.t1,4
augustus.g49860.t1,1
augustus.g49871.t1,4
augustus.g1373.t1,3
augustus.g13755.t1,5
adi2mcaRNA11905_R0,4
augustus.g13813.t1,3
augustus.g13821.t1,1
adi2mcaRNA23796_R0,25
adi2mcaRNA36783_R0,2
augustus.g27868.t1,1
augustus.g1387.t1,4
augustus.g1385.t1,9
augustus.g1386.t1,8
augustus.g1383.t1,9
augustus.g51418.t1,25
augustus.g1390.t1,4
augustus.g13995.t1,1
adi2mcaRNA19693_R2,1
augustus.g14002.t1,1
augustus.g14152.t1,4
augustus.g14512.t1,15
augustus.g51546.t1,8
augustus.g14553.t1,7
augustus.g1471.t1,1
adi2mcaRNA11941_R0,1
augustus.g15037.t1,3
augustus.g15119.t1,3
adi2mcaRNA26617_R2,4
augustus.g63081.t1,4
adi2mcaRNA26617_R1,7
augustus.g15158.t1,3
augustus.g33873.t1,3
augustus.g15250.t1,3
augustus.g15251.t1,4
augustus.g15296.t1,1
augustus.g15350.t1,4
augustus.g15365.t1,3
augustus.g15546.t1,4
augustus.g15612.t1,1
adi2mcaRNA12029_R0,4
augustus.g15718.t1,4
augustus.g15749.t1,4
augustus.g15776.t1,4
augustus.g15913.t1,13
augustus.g15911.t1,13
augustus.g15968.t1,1
augustus.g16081.t1,4
augustus.g16301.t1,1
augustus.g16306.t1,3
augustus.g16333.t1,1
adi2mcaRNA12119_R0,4
augustus.g16355.t1,19
augustus.g22387.t1,4
augustus.g22384.t1,4
augustus.g16463.t1,4
augustus.g1651.t1,4
augustus.g16591.t1,19
augustus.g1661.t1,1
augustus.g16614.t1,2
augustus.g16833.t1,1
augustus.g16969.t1,3
augustus.g17013.t1,4
adi2mcaRNA12226_R0,4
augustus.g17213.t1,7
augustus.g17304.t1,1
augustus.g17317.t1,13
augustus.g17531.t1,4
augustus.g17590.t1,1
augustus.g17599.t1,3
augustus.g41373.t1,3
augustus.g41368.t1,4
augustus.g17328.t1,3
augustus.g41354.t1,3
augustus.g41356.t1,10
augustus.g17642.t1,3
augustus.g17679.t1,1
augustus.g17736.t1,4
adi2mcaRNA12348_R0,11
augustus.g1778.t1,1
augustus.g1780.t1,1
augustus.g17873.t1,1
augustus.g17887.t1,3
augustus.g17948.t1,3
augustus.g18063.t1,1
augustus.g7080.t1,4
augustus.g7083.t1,1
augustus.g1809.t1,1
augustus.g1812.t1,1
augustus.g1816.t1,4
augustus.g1817.t1,1
augustus.g18170.t1,3
augustus.g18169.t1,3
augustus.g46349.t1,3
augustus.g54241.t1,4
augustus.g5115.t1,3
augustus.g27609.t1,3
augustus.g45557.t1,1
augustus.g15343.t1,4
augustus.g7180.t1,10
augustus.g34853.t1,8
augustus.g26346.t1,9
augustus.g18235.t1,3
augustus.g18270.t1,3
adi2mcaRNA12432_R0,3
augustus.g18298.t1,13
augustus.g18496.t1,11
augustus.g18522.t1,1
augustus.g18746.t1,11
augustus.g18797.t1,1
augustus.g18823.t1,4
augustus.g18905.t1,19
augustus.g71542.t1,17
augustus.g19278.t1,1
augustus.g19311.t1,4
augustus.g19587.t1,4
adi2mcaRNA35912_R3,1
adi2mcaRNA12507_R0,3
augustus.g19644.t1,7
augustus.g19642.t1,1
augustus.g19770.t1,19
augustus.g17710.t1,5
augustus.g19811.t1,3
augustus.g19897.t1,7
augustus.g19963.t1,7
augustus.g20090.t1,4
augustus.g20094.t1,4
augustus.g70600.t1,4
augustus.g20350.t1,15
augustus.g20466.t1,1
augustus.g20529.t1,3
adi2mcaRNA12628_R0,4
augustus.g20680.t1,3
augustus.g20731.t1,1
augustus.g20200.t1,16
augustus.g2086.t1,1
augustus.g21110.t1,5
augustus.g21111.t1,9
augustus.g59331.t1,1
augustus.g21112.t1,4
augustus.g21333.t1,6
adi2mcaRNA38114_R5,10
augustus.g21440.t1,3
augustus.g21478.t1,1
augustus.g21535.t1,1
adi2mcaRNA12669_R0,3
augustus.g21537.t1,4
augustus.g21658.t1,3
adi2mcaRNA24257_R2,4
augustus.g21661.t1,3
augustus.g21754.t1,1
augustus.g22807.t1,4
augustus.g23025.t1,3
augustus.g23764.t1,1
augustus.g55639.t1,1
augustus.g23907.t1,1
augustus.g23912.t1,7
augustus.g52658.t1,11
augustus.g23954.t1,11
augustus.g24046.t1,1
adi2mcaRNA12830_R0,3
augustus.g24052.t1,2
augustus.g24061.t1,13
augustus.g24116.t1,1
augustus.g20063.t1,1
augustus.g24125.t1,9
augustus.g24142.t1,7
augustus.g63653.t1,7
augustus.g24195.t1,1
augustus.g24275.t1,15
augustus.g24401.t1,1
augustus.g24493.t1,4
adi2mcaRNA12974_R0,7
augustus.g24915.t1,4
augustus.g25153.t1,1
augustus.g18680.t1,7
augustus.g25164.t1,3
augustus.g25161.t1,23
augustus.g32068.t1,4
augustus.g10246.t1,23
augustus.g36881.t1,3
augustus.g64484.t1,3
augustus.g25159.t1,11
augustus.g25209.t1,4
augustus.g25286.t1,4
augustus.g2531.t1,4
augustus.g2533.t1,7
augustus.g25363.t1,11
adi2mcaRNA26837_R1,12
augustus.g25382.t1,7
augustus.g25439.t1,7
adi2mcaRNA13035_R0,3
augustus.g25492.t1,4
augustus.g2550.t1,15
augustus.g25517.t1,3
augustus.g25676.t1,3
augustus.g25678.t1,12
augustus.g25839.t1,1
augustus.g25995.t1,1
augustus.g26483.t1,7
augustus.g26774.t1,3
augustus.g26872.t1,4
adi2mcaRNA13045_R0,4
augustus.g27092.t1,4
augustus.g27181.t1,13
augustus.g2720.t1,3
augustus.g2725.t1,4
augustus.g27302.t1,3
augustus.g41458.t1,4
augustus.g27335.t1,4
augustus.g27418.t1,1
augustus.g27530.t1,3
augustus.g27545.t1,4
augustus.g27548.t1,4
augustus.g27551.t1,8
adi2mcaRNA13094_R0,16
augustus.g27650.t1,1
augustus.g27724.t1,3
augustus.g27723.t1,1
augustus.g27860.t1,3
augustus.g27873.t1,4
augustus.g22664.t1,1
augustus.g3528.t1,4
augustus.g3527.t1,4
augustus.g3525.t1,5
augustus.g27900.t1,3
augustus.g28196.t1,4
augustus.g28240.t1,3
augustus.g28242.t1,3
augustus.g28269.t1,3
augustus.g28271.t1,4
augustus.g28270.t1,4
adi2mcaRNA132_R0,3
augustus.g28354.t1,4
augustus.g28521.t1,3
augustus.g28847.t1,4
augustus.g28909.t1,3
augustus.g28985.t1,3
augustus.g28991.t1,3
augustus.g29309.t1,3
augustus.g29321.t1,21
augustus.g29376.t1,13
augustus.g29348.t1,13
augustus.g29428.t1,4
adi2mcaRNA13343_R0,3
augustus.g29469.t1,4
augustus.g29559.t1,1
augustus.g29710.t1,4
augustus.g29719.t1,5
augustus.g29707.t1,17
augustus.g29845.t1,1
augustus.g29846.t1,1
augustus.g2995.t1,1
augustus.g30020.t1,3
augustus.g24088.t1,11
augustus.g30033.t1,4
augustus.g30123.t1,1
augustus.g30178.t1,4
adi2mcaRNA1343_R0,1
augustus.g30192.t1,1
augustus.g30198.t1,1
augustus.g3026.t1,3
augustus.g39163.t1,3
augustus.g3023.t1,4
augustus.g30302.t1,3
augustus.g24226.t1,13
augustus.g30315.t1,4
adi2mcaRNA26390_R3,4
augustus.g3042.t1,1
augustus.g30600.t1,4
augustus.g30593.t1,4
augustus.g30622.t1,6
augustus.g30654.t1,4
augustus.g30663.t1,4
adi2mcaRNA13466_R0,4
augustus.g30684.t1,1
augustus.g30753.t1,4
augustus.g30756.t1,1
augustus.g31104.t1,1
augustus.g33211.t1,1
augustus.g31109.t1,4
adi2mcaRNA37825_R1,1
adi2mcaRNA37825_R0,1
augustus.g58117.t1,7
augustus.g3114.t1,3
augustus.g31191.t1,4
augustus.g31470.t1,4
augustus.g31743.t1,1
augustus.g31779.t1,3
augustus.g31785.t1,7
adi2mcaRNA13549_R0,1
augustus.g31789.t1,4
augustus.g31886.t1,3
augustus.g31927.t1,1
augustus.g32275.t1,1
augustus.g32286.t1,3
augustus.g32334.t1,7
augustus.g32932.t1,4
augustus.g23849.t1,4
augustus.g68549.t1,12
augustus.g32939.t1,11
augustus.g32996.t1,3
augustus.g3312.t1,4
adi2mcaRNA13742_R0,7
augustus.g33188.t1,16
augustus.g3333.t1,1
augustus.g33355.t1,1
augustus.g33389.t1,15
augustus.g33384.t1,15
augustus.g33399.t1,22
augustus.g33409.t1,4
augustus.g33461.t1,1
augustus.g33546.t1,13
augustus.g3367.t1,1
augustus.g33731.t1,4
adi2mcaRNA1380_R0,4
augustus.g33838.t1,1
augustus.g33919.t1,4
augustus.g33937.t1,16
augustus.g34594.t1,4
augustus.g3474.t1,4
augustus.g61516.t1,4
adi2mcaRNA37790_R9,4
adi2mcaRNA37790_R7,1
augustus.g34796.t1,1
augustus.g34795.t1,1
augustus.g34897.t1,3
augustus.g34933.t1,4
augustus.g3502.t1,12
augustus.g17359.t1,9
augustus.g35108.t1,4
augustus.g49613.t1,1
augustus.g65354.t1,1
augustus.g32545.t1,12
adi2mcaRNA13816_R0,4
augustus.g35264.t1,4
augustus.g3536.t1,4
augustus.g3537.t1,4
augustus.g16216.t1,1
augustus.g733.t1,11
augustus.g3543.t1,1
augustus.g739.t1,22
augustus.g354.t1,26
augustus.g3542.t1,1
augustus.g735.t1,4
augustus.g19893.t1,12
adi2mcaRNA10838_R8,1
augustus.g35428.t1,7
augustus.g35460.t1,11
augustus.g35060.t1,13
augustus.g35486.t1,3
augustus.g35487.t1,4
augustus.g35557.t1,3
augustus.g35585.t1,13
augustus.g35582.t1,3
adi2mcaRNA13842_R0,3
augustus.g35595.t1,3
augustus.g36022.t1,4
augustus.g36067.t1,3
augustus.g36068.t1,4
adi2mcaRNA17743_R1,4
augustus.g36078.t1,11
augustus.g36095.t1,4
augustus.g27918.t1,4
augustus.g36193.t1,7
augustus.g36295.t1,8
augustus.g3640.t1,3
augustus.g36704.t1,4
augustus.g36931.t1,12
augustus.g36939.t1,13
augustus.g40068.t1,16
augustus.g37090.t1,4
adi2mcaRNA13962_R0,4
augustus.g37091.t1,1
augustus.g37318.t1,1
augustus.g37555.t1,1
augustus.g37578.t1,2
augustus.g3778.t1,1
augustus.g37882.t1,1
augustus.g38075.t1,1
augustus.g38356.t1,3
augustus.g38357.t1,7
adi2mcaRNA1407_R0,1
augustus.g38381.t1,3
augustus.g38388.t1,4
augustus.g38591.t1,7
augustus.g38620.t1,4
augustus.g3895.t1,6
augustus.g38978.t1,4
augustus.g36645.t1,7
augustus.g39034.t1,4
adi2mcaRNA12399_R0,1
augustus.g39149.t1,4
augustus.g39187.t1,1
adi2mcaRNA14468_R0,3
augustus.g39202.t1,4
augustus.g39209.t1,6
augustus.g39291.t1,1
augustus.g39413.t1,4
augustus.g39689.t1,4
augustus.g39716.t1,3
augustus.g39715.t1,9
augustus.g39820.t1,4
adi2mcaRNA2549_R1,22
augustus.g39847.t1,1
augustus.g39870.t1,4
augustus.g39909.t1,3
augustus.g39937.t1,3
augustus.g39939.t1,3
augustus.g64933.t1,4
adi2mcaRNA14527_R0,4
augustus.g39965.t1,1
augustus.g25539.t1,1
augustus.g3997.t1,3
augustus.g11001.t1,4
augustus.g3995.t1,5
augustus.g11000.t1,2
augustus.g40026.t1,3
augustus.g1475.t1,4
augustus.g40427.t1,3
augustus.g40473.t1,4
augustus.g40715.t1,8
augustus.g40754.t1,4
augustus.g40892.t1,4
augustus.g40895.t1,4
augustus.g40896.t1,4
augustus.g40898.t1,1
augustus.g16487.t1,15
augustus.g40899.t1,4
augustus.g40981.t1,1
augustus.g41050.t1,4
augustus.g16588.t1,4
augustus.g41114.t1,13
augustus.g41186.t1,11
augustus.g41215.t1,3
augustus.g41436.t1,3
augustus.g41435.t1,3
augustus.g64067.t1,19
augustus.g58525.t1,1
augustus.g41476.t1,4
augustus.g41480.t1,3
augustus.g41483.t1,3
augustus.g15354.t1,15
augustus.g56811.t1,7
augustus.g39179.t1,2
augustus.g9122.t1,13
adi2mcaRNA25482_R7,7
augustus.g59360.t1,7
augustus.g41765.t1,3
augustus.g41764.t1,3
augustus.g29278.t1,4
adi2mcaRNA14719_R0,7
augustus.g41799.t1,4
augustus.g41905.t1,4
augustus.g41908.t1,4
augustus.g41931.t1,4
augustus.g41978.t1,4
augustus.g41984.t1,1
augustus.g41995.t1,4
augustus.g42212.t1,3
augustus.g42394.t1,11
augustus.g42395.t1,12
adi2mcaRNA14791_R0,15
augustus.g42623.t1,7
augustus.g43048.t1,1
augustus.g43054.t1,1
augustus.g43110.t1,4
augustus.g43438.t1,16
augustus.g4368.t1,27
augustus.g4378.t1,6
augustus.g43720.t1,3
augustus.g43717.t1,8
augustus.g43786.t1,4
augustus.g65061.t1,7
augustus.g43823.t1,1
augustus.g43821.t1,6
augustus.g4402.t1,1
adi2mcaRNA14852_R0,4
augustus.g4411.t1,1
augustus.g44164.t1,4
augustus.g44169.t1,4
augustus.g44605.t1,3
augustus.g4469.t1,3
augustus.g27791.t1,4
augustus.g27792.t1,4
augustus.g44940.t1,4
augustus.g11485.t1,1
augustus.g44723.t1,4
adi2mcaRNA35439_R5,1
augustus.g44812.t1,4
augustus.g15306.t1,1
augustus.g44894.t1,4
augustus.g44918.t1,1
augustus.g53841.t1,4
augustus.g45122.t1,3
adi2mcaRNA14954_R0,1
augustus.g45419.t1,4
augustus.g45516.t1,1
augustus.g45536.t1,4
augustus.g45698.t1,4
augustus.g46014.t1,2
augustus.g46028.t1,4
adi2mcaRNA38910_R1,4
adi2mcaRNA3170_R6,4
augustus.g38713.t1,8
augustus.g46302.t1,3
augustus.g16179.t1,3
augustus.g46398.t1,1
augustus.g46407.t1,4
adi2mcaRNA14993_R0,7
augustus.g46489.t1,4
augustus.g46585.t1,14
augustus.g46559.t1,4
augustus.g46584.t1,15
augustus.g46565.t1,8
augustus.g46583.t1,8
augustus.g46606.t1,1
augustus.g46627.t1,3
augustus.g26534.t1,3
augustus.g46625.t1,3
augustus.g45079.t1,3
augustus.g57646.t1,3
augustus.g57645.t1,3
augustus.g4664.t1,7
augustus.g46745.t1,1
augustus.g46856.t1,4
augustus.g15730.t1,1
augustus.g46872.t1,1
augustus.g46939.t1,1
augustus.g47046.t1,1
adi2mcaRNA1533_R3,1
augustus.g4705.t1,4
augustus.g47187.t1,4
augustus.g47430.t1,4
augustus.g47443.t1,9
augustus.g47549.t1,3
augustus.g47732.t1,4
augustus.g47736.t1,4
augustus.g48090.t1,1
augustus.g48095.t1,12
augustus.g48108.t1,4
augustus.g48243.t1,9
augustus.g37240.t1,1
adi2mcaRNA15384_R0,4
augustus.g48280.t1,4
augustus.g50930.t1,3
augustus.g48460.t1,4
augustus.g48485.t1,3
augustus.g48503.t1,4
augustus.g48556.t1,1
augustus.g48564.t1,1
augustus.g48584.t1,4
augustus.g4862.t1,1
augustus.g48648.t1,3
augustus.g4867.t1,2
adi2mcaRNA15602_R0,1
augustus.g48786.t1,4
augustus.g48862.t1,1
augustus.g4900.t1,3
augustus.g49180.t1,1
augustus.g49212.t1,4
augustus.g49518.t1,19
augustus.g49521.t1,1
augustus.g49539.t1,7
augustus.g49595.t1,1
augustus.g5008.t1,4
adi2mcaRNA15607_R0,4
augustus.g50541.t1,3
augustus.g50718.t1,3
augustus.g5072.t1,1
augustus.g50723.t1,3
augustus.g10577.t1,4
augustus.g65307.t1,3
augustus.g50741.t1,15
augustus.g50748.t1,1
augustus.g50758.t1,4
augustus.g50760.t1,3
augustus.g50786.t1,4
augustus.g35889.t1,6
augustus.g50902.t1,3
adi2mcaRNA15713_R0,4
augustus.g50933.t1,13
augustus.g51187.t1,3
augustus.g51186.t1,3
adi2mcaRNA26720_R3,3
augustus.g5125.t1,3
augustus.g55089.t1,3
augustus.g51446.t1,1
augustus.g51640.t1,3
augustus.g51668.t1,4
augustus.g51819.t1,8
augustus.g52004.t1,1
augustus.g5206.t1,3
augustus.g52209.t1,8
adi2mcaRNA15974_R0,1
augustus.g52466.t1,1
augustus.g52470.t1,7
augustus.g52662.t1,1
augustus.g53242.t1,3
augustus.g53352.t1,9
augustus.g53353.t1,9
augustus.g53570.t1,1
augustus.g53640.t1,9
augustus.g53654.t1,1
adi2mcaRNA21720_R2,11
augustus.g5373.t1,3
augustus.g53834.t1,2
adi2mcaRNA16047_R0,4
augustus.g53868.t1,1
augustus.g53991.t1,4
augustus.g54021.t1,4
augustus.g54045.t1,1
augustus.g541.t1,3
augustus.g54340.t1,1
augustus.g54396.t1,22
augustus.g54580.t1,4
augustus.g19338.t1,4
augustus.g54919.t1,1
augustus.g54934.t1,4
adi2mcaRNA16049_R0,3
augustus.g54968.t1,7
augustus.g54998.t1,3
adi2mcaRNA23140_R0,3
augustus.g64793.t1,3
augustus.g62913.t1,3
augustus.g61850.t1,3
adi2mcaRNA23140_R2,3
augustus.g62914.t1,3
augustus.g61851.t1,15
augustus.g54997.t1,16
augustus.g55048.t1,4
augustus.g55127.t1,7
augustus.g55306.t1,26
augustus.g42254.t1,7
augustus.g68768.t1,7
augustus.g51698.t1,20
augustus.g60358.t1,28
augustus.g32322.t1,26
augustus.g13113.t1,26
adi2mcaRNA26426_R1,28
augustus.g32747.t1,22
augustus.g55343.t1,3
augustus.g55682.t1,1
augustus.g55947.t1,14
augustus.g55968.t1,3
augustus.g26869.t1,4
augustus.g29901.t1,4
augustus.g32291.t1,3
adi2mcaRNA16122_R3,9
augustus.g56128.t1,1
augustus.g56217.t1,1
augustus.g56265.t1,1
augustus.g56569.t1,7
augustus.g56570.t1,7
augustus.g56706.t1,4
augustus.g56729.t1,1
augustus.g56780.t1,3
augustus.g56863.t1,8
adi2mcaRNA26127_R2,1
adi2mcaRNA26123_R6,10
augustus.g56936.t1,3
adi2mcaRNA16125_R0,3
augustus.g57001.t1,4
augustus.g57243.t1,7
augustus.g57540.t1,7
augustus.g57564.t1,3
augustus.g31823.t1,4
augustus.g65539.t1,4
augustus.g57602.t1,1
augustus.g57750.t1,1
augustus.g57805.t1,2
augustus.g58010.t1,16
augustus.g58056.t1,3
adi2mcaRNA16148_R0,7
augustus.g58142.t1,7
augustus.g5828.t1,7
augustus.g58286.t1,7
augustus.g58285.t1,25
augustus.g58537.t1,15
augustus.g58540.t1,15
augustus.g58549.t1,7
augustus.g58560.t1,4
augustus.g58559.t1,4
augustus.g58638.t1,4
augustus.g5868.t1,4
augustus.g5872.t1,1
adi2mcaRNA23608_R0,1
augustus.g5877.t1,1
adi2mcaRNA16195_R0,7
augustus.g58856.t1,13
augustus.g5889.t1,3
augustus.g58944.t1,3
augustus.g58958.t1,1
augustus.g59012.t1,2
augustus.g59066.t1,3
augustus.g6064.t1,7
augustus.g61626.t1,1
augustus.g59070.t1,4
augustus.g59089.t1,7
augustus.g59197.t1,4
augustus.g59483.t1,3
adi2mcaRNA19015_R0,4
augustus.g14997.t1,4
adi2mcaRNA16377_R0,1
augustus.g59546.t1,3
augustus.g59572.t1,1
augustus.g59630.t1,1
adi2mcaRNA36878_R3,1
augustus.g59670.t1,4
augustus.g1019.t1,4
augustus.g59726.t1,4
augustus.g60037.t1,1
augustus.g60207.t1,4
augustus.g60209.t1,1
augustus.g60214.t1,1
augustus.g60387.t1,3
augustus.g25233.t1,3
adi2mcaRNA16431_R0,4
augustus.g60389.t1,1
augustus.g60476.t1,7
augustus.g25371.t1,7
augustus.g30507.t1,12
augustus.g60488.t1,9
adi2mcaRNA26840_R5,18
augustus.g25334.t1,2
augustus.g60537.t1,1
augustus.g60649.t1,3
augustus.g59987.t1,3
augustus.g60651.t1,1
augustus.g60948.t1,1
augustus.g61023.t1,1
augustus.g61061.t1,1
adi2mcaRNA16442_R1,1
augustus.g61089.t1,1
augustus.g61116.t1,4
augustus.g61207.t1,4
augustus.g40107.t1,11
augustus.g61653.t1,1
augustus.g61989.t1,3
augustus.g62092.t1,4
augustus.g62129.t1,3
augustus.g62252.t1,1
augustus.g6256.t1,1
augustus.g62575.t1,1
adi2mcaRNA16448_R0,4
augustus.g62582.t1,1
augustus.g62585.t1,13
augustus.g62636.t1,3
adi2mcaRNA5195_R2,19
augustus.g62725.t1,20
augustus.g62729.t1,4
augustus.g62731.t1,3
augustus.g62768.t1,1
augustus.g62779.t1,4
augustus.g62849.t1,1
augustus.g62872.t1,19
adi2mcaRNA16675_R0,3
augustus.g62966.t1,1
augustus.g6322.t1,3
augustus.g9276.t1,3
augustus.g47505.t1,3
augustus.g33305.t1,1
augustus.g63285.t1,1
augustus.g16601.t1,11
augustus.g63380.t1,3
augustus.g63381.t1,23
augustus.g63382.t1,3
augustus.g13905.t1,23
augustus.g636.t1,4
augustus.g63602.t1,3
augustus.g63601.t1,11
augustus.g63847.t1,3
augustus.g27520.t1,16
augustus.g6392.t1,3
augustus.g640.t1,3
augustus.g64205.t1,4
adi2mcaRNA1705_R0,1
augustus.g64280.t1,4
adi2mcaRNA11423_R2,1
augustus.g64466.t1,1
augustus.g64468.t1,4
augustus.g64471.t1,3
augustus.g64510.t1,1
augustus.g64594.t1,13
augustus.g64701.t1,4
augustus.g64703.t1,1
augustus.g64706.t1,1
augustus.g64708.t1,4
adi2mcaRNA17072_R0,9
augustus.g64768.t1,4
augustus.g64799.t1,3
augustus.g64900.t1,4
augustus.g65095.t1,13
augustus.g65138.t1,4
augustus.g65405.t1,3
augustus.g66727.t1,6
augustus.g65408.t1,11
augustus.g6542.t1,4
augustus.g9989.t1,8
augustus.g65480.t1,4
augustus.g65543.t1,4
augustus.g27798.t1,4
adi2mcaRNA17116_R1,13
augustus.g66042.t1,1
augustus.g66103.t1,7
augustus.g66164.t1,1
augustus.g66190.t1,4
augustus.g66216.t1,1
augustus.g66309.t1,25
augustus.g66450.t1,3
augustus.g66453.t1,3
augustus.g66553.t1,3
augustus.g66649.t1,1
adi2mcaRNA17527_R6,11
augustus.g66953.t1,4
adi2mcaRNA26629_R2,25
augustus.g65388.t1,13
augustus.g66959.t1,3
augustus.g65382.t1,13
adi2mcaRNA10239_R0,8
adi2mcaRNA22454_R7,22
adi2mcaRNA10239_R2,18
augustus.g66963.t1,4
augustus.g1735.t1,1
augustus.g60279.t1,4
augustus.g48774.t1,3
augustus.g19991.t1,11
augustus.g48772.t1,3
augustus.g67573.t1,1
augustus.g47038.t1,11
adi2mcaRNA6541_R9,5
augustus.g67562.t1,4
augustus.g4533.t1,11
augustus.g67052.t1,3
adi2mcaRNA31180_R1,4
augustus.g322.t1,10
augustus.g67068.t1,7
augustus.g67110.t1,7
augustus.g67188.t1,1
augustus.g67239.t1,19
augustus.g65927.t1,19
augustus.g67346.t1,4
augustus.g67454.t1,4
augustus.g67527.t1,1
adi2mcaRNA17739_R3,1
adi2mcaRNA17549_R0,4
augustus.g67528.t1,9
augustus.g67641.t1,1
augustus.g67732.t1,4
augustus.g6783.t1,11
adi2mcaRNA6074_R0,9
augustus.g67849.t1,4
augustus.g6789.t1,3
augustus.g68181.t1,4
augustus.g6899.t1,11
augustus.g69041.t1,1
augustus.g6921.t1,4
adi2mcaRNA17564_R0,1
augustus.g69571.t1,4
augustus.g69593.t1,1
augustus.g69599.t1,1
augustus.g16942.t1,1
augustus.g6969.t1,27
augustus.g69699.t1,8
augustus.g69801.t1,4
augustus.g70153.t1,8
augustus.g70185.t1,11
augustus.g70192.t1,1
adi2mcaRNA17804_R1,7
augustus.g70386.t1,12
augustus.g7061.t1,19
augustus.g13828.t1,19
augustus.g7065.t1,4
augustus.g70694.t1,1
augustus.g70829.t1,3
augustus.g33499.t1,3
augustus.g71130.t1,1
augustus.g71179.t1,4
augustus.g71360.t1,1
augustus.g71388.t1,1
augustus.g71550.t1,1
augustus.g71549.t1,22
adi2mcaRNA17852_R0,11
augustus.g71552.t1,1
augustus.g7300.t1,4
augustus.g7313.t1,3
augustus.g7309.t1,12
augustus.g7344.t1,4
adi2mcaRNA32029_R1,7
augustus.g7488.t1,15
augustus.g7589.t1,4
augustus.g7897.t1,1
augustus.g7930.t1,1
augustus.g8095.t1,7
adi2mcaRNA1815_R0,4
augustus.g8657.t1,1
augustus.g8815.t1,4
augustus.g8820.t1,1
augustus.g9204.t1,4
augustus.g45837.t1,4
augustus.g9284.t1,4
augustus.g9358.t1,4
augustus.g9520.t1,12
augustus.g9550.t1,1
augustus.g5187.t1,1
augustus.g9814.t1,1
augustus.g9820.t1,1
adi2mcaRNA18213_R0,4
augustus.g9905.t1,22
augustus.g9930.t1,4
augustus.g9942.t1,3
augustus.g996.t1,1
adi2mcaRNA33029_R0,1
augustus.g9961.t1,11
adi2mcaRNA1829_R0,3
adi2mcaRNA18304_R0,4
adi2mcaRNA18307_R0,3
adi2mcaRNA18494_R0,1
adi2mcaRNA1849_R0,4
adi2mcaRNA10685_R0,1
adi2mcaRNA11042_R0,7
adi2mcaRNA11437_R1,7
adi2mcaRNA11548_R0,7
adi2mcaRNA18710_R0,3
adi2mcaRNA17864_R1,9
adi2mcaRNA1906_R2,15
adi2mcaRNA19990_R1,4
adi2mcaRNA23696_R0,2
adi2mcaRNA26447_R0,22
adi2mcaRNA28657_R0,1
adi2mcaRNA30352_R0,1
adi2mcaRNA32510_R0,15
adi2mcaRNA6092_R0,1
adi2mcaRNA8072_R1,13
adi2mcaRNA18837_R0,4
augustus.g10207.t1,2
augustus.g10911.t1,9
augustus.g11046.t1,2
augustus.g11795.t1,1
augustus.g12818.t1,4
augustus.g13881.t1,11
augustus.g14061.t1,13
augustus.g14140.t1,4
augustus.g1495.t1,1
augustus.g1596.t1,11
adi2mcaRNA1889_R0,1
augustus.g16777.t1,4
augustus.g17439.t1,1
augustus.g17904.t1,4
augustus.g18688.t1,4
augustus.g201.t1,4
augustus.g20860.t1,7
augustus.g21479.t1,1
augustus.g21708.t1,1
augustus.g22331.t1,9
adi2mcaRNA1896_R0,1
augustus.g22347.t1,12
augustus.g22435.t1,15
augustus.g22495.t1,4
augustus.g22584.t1,1
augustus.g23303.t1,9
augustus.g23540.t1,1
augustus.g25410.t1,1
augustus.g25443.t1,7
augustus.g25802.t1,8
augustus.g26499.t1,9
adi2mcaRNA19080_R0,4
augustus.g28209.t1,1
augustus.g28276.t1,9
augustus.g29496.t1,1
augustus.g29625.t1,1
augustus.g29892.t1,1
augustus.g30191.t1,1
augustus.g31456.t1,13
augustus.g31726.t1,4
augustus.g32050.t1,12
adi2mcaRNA19484_R0,4
augustus.g32263.t1,13
augustus.g32780.t1,1
augustus.g33295.t1,13
augustus.g33603.t1,7
augustus.g33728.t1,18
augustus.g33788.t1,8
augustus.g34419.t1,1
augustus.g34451.t1,21
augustus.g3448.t1,4
augustus.g34497.t1,1
adi2mcaRNA19715_R0,25
augustus.g35013.t1,9
augustus.g35175.t1,4
augustus.g35499.t1,4
augustus.g35869.t1,1
augustus.g37066.t1,4
augustus.g39147.t1,1
augustus.g39924.t1,11
augustus.g40304.t1,4
augustus.g40319.t1,2
augustus.g40447.t1,25
adi2mcaRNA19752_R0,4
augustus.g40938.t1,23
augustus.g42436.t1,11
augustus.g44129.t1,7
augustus.g44412.t1,1
augustus.g44596.t1,1
augustus.g44638.t1,7
augustus.g44683.t1,11
augustus.g45435.t1,4
augustus.g45772.t1,1
adi2mcaRNA19947_R1,1
augustus.g46898.t1,1
augustus.g46969.t1,9
augustus.g47063.t1,8
augustus.g47147.t1,26
augustus.g47224.t1,1
augustus.g48548.t1,4
augustus.g4872.t1,4
augustus.g50130.t1,7
adi2mcaRNA19972_R1,1
augustus.g5211.t1,4
augustus.g52435.t1,13
augustus.g5416.t1,4
augustus.g54170.t1,11
augustus.g54395.t1,1
augustus.g54977.t1,1
augustus.g56114.t1,22
augustus.g59501.t1,13
augustus.g59955.t1,6
augustus.g60074.t1,9
augustus.g60351.t1,8
augustus.g60894.t1,3
augustus.g62388.t1,1
augustus.g64087.t1,13
augustus.g66109.t1,2
augustus.g66167.t1,1
augustus.g67241.t1,4
augustus.g67398.t1,8
augustus.g67442.t1,11
augustus.g67455.t1,9
adi2mcaRNA19993_R0,7
augustus.g67523.t1,9
augustus.g68021.t1,12
augustus.g68839.t1,4
augustus.g69038.t1,16
augustus.g70002.t1,22
augustus.g70210.t1,1
augustus.g70888.t1,12
augustus.g9312.t1,1
adi2mcaRNA2034_R0,1
adi2mcaRNA34909_R0,1
adi2mcaRNA20392_R0,4
augustus.g1276.t1,4
augustus.g17447.t1,8
augustus.g17760.t1,13
augustus.g18882.t1,9
augustus.g19420.t1,11
augustus.g23521.t1,11
augustus.g24045.t1,5
augustus.g33184.t1,9
adi2mcaRNA2042_R0,16
augustus.g43343.t1,7
augustus.g53416.t1,22
augustus.g53431.t1,12
augustus.g56243.t1,7
augustus.g5728.t1,11
augustus.g7713.t1,1
augustus.g9924.t1,1
adi2mcaRNA20508_R0,1
adi2mcaRNA20514_R0,3
adi2mcaRNA11555_R0,4
adi2mcaRNA20629_R0,2
adi2mcaRNA1373_R0,25
adi2mcaRNA26592_R0,4
adi2mcaRNA39769_R4,6
adi2mcaRNA4325_R8,1
adi2mcaRNA4597_R0,4
augustus.g10870.t1,1
augustus.g10881.t1,4
augustus.g13439.t1,8
augustus.g16447.t1,1
adi2mcaRNA20756_R0,15
augustus.g18529.t1,4
augustus.g18624.t1,1
augustus.g18751.t1,8
augustus.g21538.t1,4
augustus.g21716.t1,8
augustus.g21732.t1,1
augustus.g22677.t1,7
augustus.g24017.t1,25
augustus.g25016.t1,12
augustus.g2521.t1,1
adi2mcaRNA20940_R0,4
augustus.g29141.t1,7
augustus.g29212.t1,16
augustus.g3082.t1,13
augustus.g32269.t1,15
augustus.g3332.t1,8
augustus.g33964.t1,17
augustus.g36198.t1,13
augustus.g37500.t1,1
adi2mcaRNA21029_R0,1
augustus.g38093.t1,1
augustus.g39268.t1,1
augustus.g41664.t1,2
augustus.g41933.t1,7
augustus.g42434.t1,11
augustus.g4333.t1,4
augustus.g46449.t1,13
augustus.g47565.t1,12
augustus.g50704.t1,4
adi2mcaRNA21085_R0,1
augustus.g51096.t1,1
augustus.g53580.t1,7
augustus.g57204.t1,9
augustus.g60547.t1,1
augustus.g61845.t1,17
augustus.g65102.t1,17
adi2mcaRNA21088_R0,3
augustus.g67745.t1,1
augustus.g69705.t1,5
adi2mcaRNA30490_R0,12
augustus.g24224.t1,12
adi2mcaRNA21193_R0,3
augustus.g46366.t1,4
augustus.g53883.t1,1
augustus.g54883.t1,15
augustus.g59515.t1,1
augustus.g61777.t1,2
adi2mcaRNA21267_R0,4
adi2mcaRNA21269_R0,11
adi2mcaRNA10344_R0,12
adi2mcaRNA18056_R1,4
adi2mcaRNA22730_R0,8
adi2mcaRNA26165_R0,21
adi2mcaRNA21272_R0,1
augustus.g11101.t1,4
augustus.g12349.t1,7
augustus.g17146.t1,1
augustus.g17406.t1,17
augustus.g23330.t1,4
augustus.g29231.t1,4
adi2mcaRNA21388_R0,4
augustus.g32331.t1,1
augustus.g32783.t1,10
augustus.g33512.t1,11
augustus.g34965.t1,1
augustus.g45166.t1,3
augustus.g47044.t1,16
adi2mcaRNA21392_R0,4
augustus.g4772.t1,1
augustus.g48823.t1,8
augustus.g49199.t1,7
augustus.g56251.t1,1
augustus.g56363.t1,2
augustus.g57202.t1,25
augustus.g61202.t1,1
augustus.g62437.t1,1
augustus.g6444.t1,1
augustus.g67357.t1,6
adi2mcaRNA2149_R0,15
augustus.g6795.t1,15
adi2mcaRNA18600_R1,11
augustus.g1349.t1,11
augustus.g15842.t1,12
augustus.g37652.t1,20
augustus.g40355.t1,8
augustus.g60919.t1,10
adi2mcaRNA21567_R0,4
augustus.g61547.t1,10
augustus.g62062.t1,20
augustus.g71445.t1,11
adi2mcaRNA21649_R0,3
adi2mcaRNA12993_R0,4
adi2mcaRNA25383_R0,7
adi2mcaRNA39334_R0,7
adi2mcaRNA22032_R0,3
adi2mcaRNA39821_R0,9
adi2mcaRNA6638_R0,11
adi2mcaRNA6682_R0,1
adi2mcaRNA9889_R0,1
augustus.g10191.t1,7
augustus.g1377.t1,1
adi2mcaRNA22076_R0,7
augustus.g23498.t1,13
augustus.g24192.t1,5
augustus.g26425.t1,1
augustus.g26743.t1,4
augustus.g27547.t1,15
augustus.g30450.t1,15
adi2mcaRNA22080_R0,18
augustus.g31744.t1,7
augustus.g32007.t1,4
augustus.g34000.t1,1
augustus.g35083.t1,26
augustus.g37099.t1,16
augustus.g40453.t1,7
augustus.g41342.t1,1
augustus.g4659.t1,1
adi2mcaRNA2223_R0,4
augustus.g47018.t1,1
augustus.g56736.t1,7
augustus.g612.t1,1
augustus.g65902.t1,7
augustus.g7456.t1,4
adi2mcaRNA22408_R2,4
adi2mcaRNA28753_R0,16
augustus.g5290.t1,10
adi2mcaRNA22627_R0,1
adi2mcaRNA14014_R0,8
adi2mcaRNA22703_R0,1
adi2mcaRNA19704_R0,7
adi2mcaRNA21317_R0,15
adi2mcaRNA3247_R0,11
adi2mcaRNA4296_R0,16
adi2mcaRNA8329_R1,13
augustus.g11537.t1,4
augustus.g11659.t1,9
adi2mcaRNA22733_R0,4
augustus.g16477.t1,4
augustus.g22292.t1,4
augustus.g22296.t1,9
augustus.g24331.t1,25
augustus.g2547.t1,9
augustus.g30608.t1,4
augustus.g36917.t1,1
augustus.g43405.t1,1
augustus.g50449.t1,9
adi2mcaRNA22785_R0,1
augustus.g62584.t1,7
augustus.g62838.t1,18
augustus.g66919.t1,7
augustus.g67821.t1,1
augustus.g68767.t1,11
adi2mcaRNA23187_R0,4
augustus.g25538.t1,1
augustus.g51169.t1,7
adi2mcaRNA23300_R1,11
adi2mcaRNA14912_R0,1
augustus.g23679.t1,15
adi2mcaRNA23326_R0,3
augustus.g25362.t1,18
augustus.g29222.t1,22
augustus.g39927.t1,2
augustus.g40340.t1,11
augustus.g40431.t1,12
augustus.g41730.t1,13
augustus.g44803.t1,1
augustus.g46271.t1,1
augustus.g46470.t1,1
augustus.g49920.t1,10
adi2mcaRNA23392_R0,4
augustus.g52086.t1,19
augustus.g54604.t1,10
augustus.g56935.t1,10
augustus.g56987.t1,1
augustus.g58303.t1,7
augustus.g5856.t1,1
augustus.g70353.t1,1
adi2mcaRNA23476_R0,4
augustus.g13883.t1,8
augustus.g20120.t1,11
adi2mcaRNA23535_R0,11
adi2mcaRNA23564_R8,3
augustus.g11425.t1,1
augustus.g2530.t1,13
augustus.g25485.t1,13
augustus.g32510.t1,16
augustus.g34943.t1,1
augustus.g35154.t1,11
augustus.g38320.t1,2
augustus.g38379.t1,12
adi2mcaRNA23571_R0,4
augustus.g43174.t1,15
augustus.g47574.t1,9
augustus.g47761.t1,4
augustus.g5.t1,1
augustus.g5200.t1,19
augustus.g52053.t1,8
augustus.g52084.t1,1
augustus.g52728.t1,4
augustus.g53235.t1,8
augustus.g62727.t1,4
adi2mcaRNA23599_R0,7
augustus.g63021.t1,1
augustus.g12947.t1,1
augustus.g50720.t1,1
augustus.g50796.t1,11
adi2mcaRNA23647_R0,4
adi2mcaRNA18663_R1,22
adi2mcaRNA23847_R5,16
adi2mcaRNA26440_R1,4
augustus.g1591.t1,15
augustus.g34553.t1,9
augustus.g67628.t1,13
augustus.g10025.t1,1
augustus.g33278.t1,2
augustus.g58261.t1,22
adi2mcaRNA23861_R0,4
adi2mcaRNA9786_R0,1
augustus.g17623.t1,11
adi2mcaRNA23861_R1,4
augustus.g2471.t1,1
augustus.g27205.t1,1
augustus.g30538.t1,4
augustus.g3079.t1,1
augustus.g39312.t1,9
augustus.g55702.t1,7
augustus.g57107.t1,11
augustus.g61571.t1,2
adi2mcaRNA23861_R2,4
augustus.g65535.t1,8
augustus.g21150.t1,17
adi2mcaRNA23963_R0,1
augustus.g23472.t1,1
augustus.g23893.t1,15
augustus.g25252.t1,8
augustus.g31932.t1,11
augustus.g32378.t1,4
augustus.g47243.t1,7
augustus.g48115.t1,16
adi2mcaRNA23975_R0,1
augustus.g69814.t1,1
augustus.g16659.t1,7
adi2mcaRNA24116_R1,3
adi2mcaRNA1494_R0,13
adi2mcaRNA23465_R0,7
adi2mcaRNA27618_R0,9
adi2mcaRNA32731_R3,25
augustus.g16207.t1,1
augustus.g27727.t1,2
augustus.g31958.t1,11
adi2mcaRNA241_R0,1
augustus.g39214.t1,13
augustus.g39913.t1,11
augustus.g45722.t1,9
augustus.g470.t1,11
augustus.g55688.t1,1
augustus.g57435.t1,16
augustus.g66501.t1,1
adi2mcaRNA24276_R0,4
augustus.g68153.t1,1
augustus.g70469.t1,12
augustus.g17774.t1,6
adi2mcaRNA24388_R0,1
augustus.g36427.t1,16
augustus.g44582.t1,9
augustus.g56280.t1,1
augustus.g61013.t1,1
augustus.g66170.t1,1
adi2mcaRNA22478_R0,13
adi2mcaRNA4184_R1,11
augustus.g22560.t1,1
augustus.g46712.t1,16
adi2mcaRNA24656_R0,4
adi2mcaRNA22827_R0,7
augustus.g16305.t1,18
augustus.g26557.t1,1
adi2mcaRNA24715_R0,7
augustus.g55841.t1,12
augustus.g63100.t1,1
augustus.g50750.t1,1
adi2mcaRNA24841_R0,3
augustus.g19145.t1,1
augustus.g31007.t1,13
augustus.g32311.t1,10
augustus.g33930.t1,9
augustus.g40486.t1,4
augustus.g41353.t1,18
adi2mcaRNA25005_R0,2
augustus.g49973.t1,18
augustus.g50829.t1,13
augustus.g66563.t1,17
augustus.g29725.t1,12
adi2mcaRNA25034_R1,4
augustus.g33238.t1,11
augustus.g34836.t1,22
augustus.g39718.t1,8
augustus.g47519.t1,4
augustus.g68202.t1,4
adi2mcaRNA25078_R0,7
adi2mcaRNA13461_R9,4
adi2mcaRNA17131_R0,16
adi2mcaRNA25179_R0,1
augustus.g1850.t1,4
augustus.g32060.t1,11
augustus.g36766.t1,1
augustus.g39905.t1,10
augustus.g59528.t1,9
augustus.g60487.t1,7
augustus.g67128.t1,1
adi2mcaRNA25302_R3,7
augustus.g42642.t1,16
augustus.g8996.t1,1
augustus.g32767.t1,18
adi2mcaRNA25353_R0,1
augustus.g42248.t1,1
augustus.g44122.t1,13
augustus.g560.t1,13
augustus.g726.t1,11
adi2mcaRNA25403_R0,7
augustus.g19309.t1,12
augustus.g57158.t1,13
adi2mcaRNA25445_R0,1
adi2mcaRNA36844_R0,11
augustus.g22271.t1,25
augustus.g30541.t1,1
augustus.g3109.t1,16
augustus.g32270.t1,1
augustus.g41344.t1,7
adi2mcaRNA25449_R0,4
augustus.g46208.t1,1
augustus.g49137.t1,15
augustus.g67524.t1,1
adi2mcaRNA27445_R0,10
augustus.g44602.t1,1
augustus.g477.t1,10
augustus.g1586.t1,11
adi2mcaRNA26159_R0,4
augustus.g61997.t1,1
augustus.g32406.t1,9
adi2mcaRNA26373_R0,11
augustus.g33396.t1,8
augustus.g364.t1,7
augustus.g48295.t1,9
augustus.g1359.t1,1
augustus.g15992.t1,18
adi2mcaRNA26801_R0,1
adi2mcaRNA33639_R0,21
adi2mcaRNA37235_R1,1
augustus.g27045.t1,3
augustus.g57654.t1,8
augustus.g596.t1,4
adi2mcaRNA26825_R0,13
augustus.g33737.t1,4
adi2mcaRNA34166_R6,2
augustus.g30461.t1,18
adi2mcaRNA26831_R1,1
augustus.g38098.t1,22
adi2mcaRNA26863_R1,1
augustus.g13593.t1,10
augustus.g27420.t1,8
augustus.g31747.t1,7
augustus.g53158.t1,1
adi2mcaRNA26927_R0,3
adi2mcaRNA41162_R3,10
augustus.g36200.t1,1
augustus.g65505.t1,9
augustus.g11734.t1,25
augustus.g35113.t1,11
adi2mcaRNA26989_R0,4
augustus.g4715.t1,13
augustus.g71185.t1,2
augustus.g36746.t1,8
augustus.g70894.t1,4
adi2mcaRNA27030_R0,4
augustus.g16639.t1,7
augustus.g21609.t1,2
augustus.g22780.t1,4
augustus.g33606.t1,9
augustus.g60133.t1,1
augustus.g67624.t1,12
adi2mcaRNA27105_R0,4
augustus.g22423.t1,1
augustus.g31851.t1,10
augustus.g40458.t1,7
adi2mcaRNA27154_R0,1
augustus.g58597.t1,1
augustus.g62347.t1,1
adi2mcaRNA27166_R0,4
augustus.g63588.t1,12
augustus.g23848.t1,2
augustus.g29849.t1,12
augustus.g53225.t1,2
adi2mcaRNA8323_R1,1
adi2mcaRNA27218_R0,1
augustus.g19694.t1,13
augustus.g28147.t1,1
augustus.g54247.t1,4
augustus.g46141.t1,4
augustus.g64324.t1,7
adi2mcaRNA2721_R0,1
adi2mcaRNA4811_R0,7
augustus.g48065.t1,9
augustus.g63512.t1,1
augustus.g9275.t1,25
adi2mcaRNA27223_R0,1
adi2mcaRNA23846_R0,16
augustus.g26470.t1,12
augustus.g47146.t1,2
augustus.g543.t1,7
augustus.g71315.t1,25
adi2mcaRNA27258_R0,3
adi2mcaRNA26448_R1,8
augustus.g61838.t1,11
adi2mcaRNA2445_R0,15
adi2mcaRNA27270_R0,1
augustus.g15689.t1,10
augustus.g51158.t1,1
augustus.g56742.t1,4
augustus.g36274.t1,1
augustus.g46426.t1,15
adi2mcaRNA27649_R0,7
adi2mcaRNA36505_R0,1
adi2mcaRNA8524_R0,8
augustus.g31733.t1,11
augustus.g34496.t1,13
augustus.g32204.t1,4
adi2mcaRNA27676_R0,19
augustus.g25017.t1,7
augustus.g61011.t1,7
adi2mcaRNA27705_R0,4
augustus.g20176.t1,15
augustus.g35275.t1,11
augustus.g43040.t1,13
augustus.g5045.t1,13
adi2mcaRNA27781_R0,13
augustus.g10386.t1,25
adi2mcaRNA30198_R0,9
augustus.g23491.t1,4
adi2mcaRNA27979_R0,1
augustus.g19691.t1,8
augustus.g25424.t1,16
augustus.g25683.t1,11
adi2mcaRNA28149_R0,15
augustus.g5119.t1,25
augustus.g67436.t1,10
augustus.g65412.t1,13
adi2mcaRNA28446_R0,7
adi2mcaRNA2105_R0,1
adi2mcaRNA36665_R0,25
augustus.g2727.t1,1
augustus.g48111.t1,1
augustus.g52631.t1,1
augustus.g58088.t1,1
augustus.g64609.t1,11
adi2mcaRNA28760_R0,4
augustus.g27534.t1,2
augustus.g40752.t1,1
augustus.g59957.t1,10
augustus.g65935.t1,8
augustus.g67743.t1,1
adi2mcaRNA28905_R0,4
augustus.g34975.t1,8
augustus.g69400.t1,9
augustus.g25374.t1,2
adi2mcaRNA29133_R0,3
augustus.g40963.t1,22
augustus.g43310.t1,1
augustus.g54024.t1,1
augustus.g22998.t1,13
adi2mcaRNA29184_R0,7
augustus.g41403.t1,13
augustus.g5039.t1,11
augustus.g65640.t1,7
augustus.g47043.t1,7
adi2mcaRNA29187_R0,3
augustus.g581.t1,2
augustus.g64262.t1,11
augustus.g4217.t1,1
adi2mcaRNA29285_R1,4
augustus.g2526.t1,9
augustus.g26856.t1,8
augustus.g67298.t1,7
augustus.g26533.t1,1
augustus.g67867.t1,1
augustus.g60303.t1,1
adi2mcaRNA29322_R0,1
augustus.g67345.t1,4
adi2mcaRNA19996_R0,7
adi2mcaRNA29409_R0,4
augustus.g55538.t1,8
augustus.g11911.t1,12
augustus.g22976.t1,11
augustus.g24019.t1,1
augustus.g24289.t1,8
augustus.g54437.t1,1
adi2mcaRNA29437_R0,1
augustus.g52541.t1,4
adi2mcaRNA29460_R0,1
augustus.g59503.t1,13
augustus.g64090.t1,1
augustus.g49643.t1,1
adi2mcaRNA37623_R0,25
augustus.g53109.t1,12
adi2mcaRNA29576_R0,1
augustus.g36441.t1,13
adi2mcaRNA20144_R0,1
adi2mcaRNA26284_R0,16
augustus.g21652.t1,9
augustus.g32264.t1,7
adi2mcaRNA30260_R0,1
augustus.g2045.t1,7
adi2mcaRNA30386_R1,5
augustus.g27605.t1,1
augustus.g39612.t1,12
augustus.g60047.t1,2
adi2mcaRNA30403_R0,3
augustus.g600.t1,2
adi2mcaRNA30500_R0,1
augustus.g34654.t1,9
adi2mcaRNA11361_R1,10
augustus.g11827.t1,12
augustus.g22543.t1,2
augustus.g33487.t1,4
adi2mcaRNA3062_R0,3
adi2mcaRNA30718_R0,1
adi2mcaRNA2729_R0,12
adi2mcaRNA30795_R0,1
augustus.g33876.t1,8
augustus.g21473.t1,1
augustus.g17226.t1,4
augustus.g36335.t1,7
augustus.g64944.t1,16
augustus.g33942.t1,8
adi2mcaRNA30800_R0,4
adi2mcaRNA40465_R0,9
augustus.g23897.t1,9
adi2mcaRNA31015_R0,1
adi2mcaRNA31040_R0,4
augustus.g27888.t1,1
augustus.g38044.t1,2
augustus.g44736.t1,1
adi2mcaRNA17633_R0,16
adi2mcaRNA31050_R0,1
augustus.g53758.t1,8
augustus.g70768.t1,1
adi2mcaRNA31375_R0,3
augustus.g45321.t1,4
adi2mcaRNA31375_R1,3
augustus.g2593.t1,8
adi2mcaRNA31485_R0,3
augustus.g50798.t1,9
augustus.g54037.t1,10
adi2mcaRNA31556_R0,1
adi2mcaRNA11403_R0,1
augustus.g42762.t1,11
adi2mcaRNA3178_R0,3
augustus.g37057.t1,8
adi2mcaRNA31835_R0,1
augustus.g55481.t1,11
augustus.g56732.t1,1
augustus.g22680.t1,4
adi2mcaRNA3193_R1,15
augustus.g45458.t1,11
adi2mcaRNA32053_R0,4
augustus.g34503.t1,13
augustus.g66445.t1,13
adi2mcaRNA32176_R0,3
augustus.g3158.t1,1
adi2mcaRNA32255_R0,1
augustus.g41323.t1,8
adi2mcaRNA32347_R0,1
augustus.g32353.t1,1
augustus.g49072.t1,12
augustus.g48069.t1,1
augustus.g8641.t1,28
adi2mcaRNA32466_R0,3
augustus.g50874.t1,7
augustus.g54251.t1,9
adi2mcaRNA32544_R0,1
augustus.g46184.t1,4
augustus.g49624.t1,13
augustus.g52463.t1,7
adi2mcaRNA3258_R0,4
adi2mcaRNA11440_R1,10
adi2mcaRNA32600_R0,4
adi2mcaRNA32699_R0,3
adi2mcaRNA4413_R0,17
augustus.g1936.t1,1
augustus.g21906.t1,7
adi2mcaRNA32887_R1,3
adi2mcaRNA33021_R0,3
augustus.g45278.t1,16
adi2mcaRNA30866_R0,12
adi2mcaRNA3334_R0,1
adi2mcaRNA34092_R0,13
adi2mcaRNA33769_R1,1
augustus.g26521.t1,2
augustus.g22587.t1,7
adi2mcaRNA3377_R0,1
augustus.g11825.t1,1
adi2mcaRNA3386_R0,1
augustus.g48277.t1,9
adi2mcaRNA34164_R5,4
adi2mcaRNA20985_R0,13
augustus.g22457.t1,25
augustus.g40380.t1,12
augustus.g8622.t1,1
adi2mcaRNA34409_R1,7
adi2mcaRNA34529_R0,1
augustus.g5475.t1,11
adi2mcaRNA34805_R0,1
augustus.g67371.t1,11
augustus.g32355.t1,1
adi2mcaRNA35439_R0,1
augustus.g36876.t1,12
augustus.g5911.t1,1
adi2mcaRNA35487_R0,11
adi2mcaRNA35522_R0,1
adi2mcaRNA35816_R0,20
augustus.g51664.t1,9
augustus.g67445.t1,25
adi2mcaRNA8162_R0,4
adi2mcaRNA35859_R0,4
augustus.g58411.t1,25
augustus.g28143.t1,21
adi2mcaRNA25380_R1,9
augustus.g3871.t1,13
adi2mcaRNA36021_R0,1
augustus.g61119.t1,7
augustus.g49608.t1,1
adi2mcaRNA3618_R0,4
augustus.g15083.t1,1
augustus.g4643.t1,9
adi2mcaRNA3630_R0,1
augustus.g66593.t1,21
adi2mcaRNA36379_R0,4
augustus.g49239.t1,3
adi2mcaRNA36509_R0,3
adi2mcaRNA36565_R1,1
adi2mcaRNA36565_R2,8
adi2mcaRNA36613_R0,4
adi2mcaRNA36621_R2,4
adi2mcaRNA36874_R1,8
adi2mcaRNA37022_R0,4
augustus.g7090.t1,9
adi2mcaRNA37083_R0,1
augustus.g44793.t1,11
adi2mcaRNA37184_R0,1
adi2mcaRNA3746_R0,1
adi2mcaRNA37829_R1,3
adi2mcaRNA37884_R1,16
adi2mcaRNA3793_R0,1
adi2mcaRNA38266_R0,1
adi2mcaRNA38448_R0,1
adi2mcaRNA38614_R0,4
adi2mcaRNA38616_R5,1
adi2mcaRNA38640_R0,1
adi2mcaRNA39700_R0,4
adi2mcaRNA3988_R0,1
adi2mcaRNA39956_R0,1
adi2mcaRNA40027_R0,3
augustus.g45145.t1,13
augustus.g44434.t1,11
adi2mcaRNA405_R0,1
adi2mcaRNA4074_R1,4
adi2mcaRNA4109_R0,4
adi2mcaRNA41178_R0,4
adi2mcaRNA41342_R0,3
adi2mcaRNA41444_R0,3
adi2mcaRNA4287_R0,7
adi2mcaRNA4305_R0,4
adi2mcaRNA4311_R0,7
adi2mcaRNA4393_R0,1
adi2mcaRNA4451_R2,7
augustus.g51170.t1,9
augustus.g1733.t1,9
augustus.g33633.t1,1
adi2mcaRNA4452_R2,4
adi2mcaRNA4492_R0,1
adi2mcaRNA20786_R0,10
augustus.g59127.t1,11
adi2mcaRNA4632_R0,7
augustus.g20013.t1,11
augustus.g40748.t1,9
augustus.g9556.t1,25
adi2mcaRNA4724_R0,1
augustus.g37460.t1,16
adi2mcaRNA483_R0,1
adi2mcaRNA4931_R0,4
adi2mcaRNA5004_R0,18
adi2mcaRNA5059_R0,1
adi2mcaRNA5128_R0,3
augustus.g52474.t1,8
adi2mcaRNA11889_R1,2
adi2mcaRNA5169_R0,1
adi2mcaRNA5211_R0,4
adi2mcaRNA5277_R0,1
adi2mcaRNA19014_R0,7
adi2mcaRNA5280_R0,4
augustus.g34008.t1,9
adi2mcaRNA5767_R0,3
augustus.g62794.t1,10
adi2mcaRNA20425_R2,4
adi2mcaRNA578_R0,4
adi2mcaRNA5858_R0,3
adi2mcaRNA32955_R0,4
adi2mcaRNA5893_R3,1
adi2mcaRNA5938_R1,4
adi2mcaRNA5943_R0,4
augustus.g8413.t1,25
adi2mcaRNA5987_R0,4
adi2mcaRNA34277_R0,18
adi2mcaRNA5993_R2,1
augustus.g3672.t1,8
augustus.g1611.t1,1
adi2mcaRNA59_R0,1
adi2mcaRNA6019_R0,1
adi2mcaRNA6021_R0,4
adi2mcaRNA6110_R0,11
augustus.g33600.t1,2
adi2mcaRNA6126_R0,4
adi2mcaRNA29851_R1,25
adi2mcaRNA6169_R0,4
adi2mcaRNA6200_R0,4
augustus.g35088.t1,10
adi2mcaRNA6247_R0,4
adi2mcaRNA627_R0,1
augustus.g1280.t1,11
adi2mcaRNA6309_R0,3
adi2mcaRNA6317_R0,8
adi2mcaRNA6321_R0,1
adi2mcaRNA6692_R0,3
adi2mcaRNA6067_R1,15
augustus.g37097.t1,25
adi2mcaRNA6730_R0,4
adi2mcaRNA6952_R0,11
augustus.g28164.t1,13
adi2mcaRNA7026_R0,11
adi2mcaRNA19502_R0,1
adi2mcaRNA7084_R1,4
adi2mcaRNA7087_R0,4
adi2mcaRNA708_R0,8
augustus.g45706.t1,1
augustus.g49283.t1,8
adi2mcaRNA7128_R0,4
adi2mcaRNA7216_R0,17
adi2mcaRNA7330_R6,4
adi2mcaRNA7360_R0,3
augustus.g35971.t1,25
augustus.g50710.t1,9
adi2mcaRNA7635_R0,9
adi2mcaRNA799_R0,11
adi2mcaRNA8071_R0,3
adi2mcaRNA8188_R0,4
adi2mcaRNA8293_R0,4
adi2mcaRNA8323_R0,4
adi2mcaRNA8365_R0,4
adi2mcaRNA841_R0,7
adi2mcaRNA8493_R0,1
adi2mcaRNA8635_R0,19
augustus.g27425.t1,1
adi2mcaRNA1931_R6,16
adi2mcaRNA8685_R0,3
adi2mcaRNA9093_R1,4
adi2mcaRNA951_R0,4
adi2mcaRNA9523_R6,7
augustus.g11176.t1,18
augustus.g48056.t1,11
adi2mcaRNA9576_R0,3
adi2mcaRNA9577_R0,4
adi2mcaRNA9599_R0,4
adi2mcaRNA966_R1,9
adi2mcaRNA9757_R0,11
adi2mcaRNA9790_R0,4
adi2mcaRNA9828_R0,11
adi2mcaRNA9965_R0,25
augustus.g10123.t1,4
augustus.g10160.t1,3
augustus.g10180.t1,1
augustus.g10218.t1,16
augustus.g10219.t1,4
augustus.g10225.t1,4
augustus.g10295.t1,3
augustus.g10364.t1,9
augustus.g10407.t1,3
augustus.g55074.t1,13
adi2mcaRNA20076_R1,1
augustus.g10451.t1,2
augustus.g10585.t1,4
augustus.g48087.t1,13
augustus.g10610.t1,3
augustus.g10624.t1,3
augustus.g10808.t1,8
adi2mcaRNA26324_R7,9
augustus.g10872.t1,4
augustus.g10883.t1,4
augustus.g10900.t1,3
augustus.g10910.t1,4
augustus.g10944.t1,7
augustus.g11061.t1,4
augustus.g3868.t1,12
augustus.g11193.t1,1
augustus.g11206.t1,7
augustus.g11234.t1,4
augustus.g22268.t1,8
adi2mcaRNA35619_R0,4
augustus.g11240.t1,1
augustus.g11422.t1,4
augustus.g1144.t1,3
augustus.g1151.t1,4
augustus.g11608.t1,4
augustus.g11737.t1,3
augustus.g11749.t1,4
augustus.g11796.t1,3
augustus.g11939.t1,11
augustus.g12065.t1,7
augustus.g12071.t1,8
augustus.g12102.t1,4
augustus.g12202.t1,1
augustus.g12291.t1,4
augustus.g12309.t1,4
augustus.g12336.t1,4
augustus.g12401.t1,11
augustus.g12442.t1,1
augustus.g12444.t1,9
augustus.g12520.t1,11
augustus.g12571.t1,8
augustus.g12572.t1,4
augustus.g12593.t1,4
augustus.g1263.t1,3
augustus.g12667.t1,6
augustus.g12811.t1,17
augustus.g12981.t1,6
augustus.g13083.t1,4
augustus.g13085.t1,7
augustus.g13101.t1,4
augustus.g13103.t1,3
augustus.g13166.t1,4
augustus.g1320.t1,4
augustus.g13200.t1,4
augustus.g13409.t1,1
augustus.g13435.t1,1
augustus.g13500.t1,4
augustus.g13567.t1,4
augustus.g13568.t1,4
augustus.g13698.t1,16
augustus.g13847.t1,2
augustus.g14001.t1,1
augustus.g1401.t1,4
augustus.g1404.t1,1
augustus.g14314.t1,4
augustus.g14552.t1,4
augustus.g14555.t1,3
augustus.g14557.t1,1
augustus.g14630.t1,4
augustus.g14805.t1,4
augustus.g14807.t1,4
augustus.g14822.t1,1
augustus.g14841.t1,1
augustus.g14851.t1,7
augustus.g14874.t1,1
augustus.g14875.t1,3
augustus.g14885.t1,3
augustus.g14888.t1,4
augustus.g1492.t1,4
augustus.g1496.t1,3
augustus.g14980.t1,3
augustus.g1499.t1,4
augustus.g14990.t1,3
augustus.g1501.t1,4
augustus.g15113.t1,4
augustus.g15120.t1,1
augustus.g15170.t1,1
augustus.g15171.t1,3
augustus.g15183.t1,4
augustus.g15237.t1,1
augustus.g15256.t1,19
augustus.g15266.t1,1
augustus.g15268.t1,4
augustus.g15333.t1,4
augustus.g15344.t1,3
augustus.g1536.t1,3
augustus.g15360.t1,4
augustus.g15361.t1,4
augustus.g15362.t1,4
augustus.g15366.t1,3
augustus.g15387.t1,1
augustus.g1540.t1,19
augustus.g15438.t1,3
augustus.g15544.t1,3
augustus.g15548.t1,3
augustus.g15582.t1,15
augustus.g15611.t1,3
augustus.g1562.t1,8
augustus.g1581.t1,4
augustus.g1583.t1,7
augustus.g1595.t1,13
augustus.g15994.t1,7
augustus.g16008.t1,3
augustus.g16014.t1,1
augustus.g16051.t1,4
augustus.g16154.t1,3
augustus.g16164.t1,4
augustus.g16209.t1,3
augustus.g16288.t1,1
augustus.g16334.t1,4
augustus.g16444.t1,3
augustus.g16448.t1,1
augustus.g16489.t1,1
augustus.g16492.t1,3
augustus.g16525.t1,3
augustus.g16585.t1,3
augustus.g16592.t1,1
augustus.g16612.t1,4
augustus.g16638.t1,3
augustus.g16667.t1,3
augustus.g16818.t1,15
augustus.g16871.t1,1
augustus.g16936.t1,12
augustus.g17014.t1,1
augustus.g17178.t1,1
augustus.g17201.t1,4
augustus.g17214.t1,7
augustus.g17324.t1,3
augustus.g17325.t1,4
augustus.g17326.t1,11
augustus.g17347.t1,1
augustus.g1736.t1,1
augustus.g17400.t1,1
augustus.g17404.t1,1
augustus.g17429.t1,11
augustus.g17433.t1,3
augustus.g17441.t1,3
augustus.g17448.t1,4
augustus.g17451.t1,4
augustus.g1749.t1,9
augustus.g17502.t1,4
augustus.g1751.t1,15
augustus.g1752.t1,1
augustus.g1762.t1,4
augustus.g1764.t1,3
augustus.g1765.t1,1
augustus.g17761.t1,6
augustus.g17767.t1,3
augustus.g17903.t1,3
augustus.g17946.t1,4
augustus.g17982.t1,3
augustus.g18030.t1,4
augustus.g1808.t1,11
augustus.g1810.t1,11
augustus.g18214.t1,3
augustus.g18221.t1,4
augustus.g1829.t1,4
augustus.g1833.t1,3
augustus.g18477.t1,4
augustus.g18493.t1,4
augustus.g18520.t1,3
augustus.g18538.t1,1
augustus.g18545.t1,4
augustus.g18645.t1,4
augustus.g18690.t1,4
augustus.g18728.t1,1
augustus.g18729.t1,4
augustus.g18745.t1,3
augustus.g18756.t1,4
augustus.g1879.t1,4
augustus.g18798.t1,4
augustus.g1896.t1,3
augustus.g18987.t1,1
augustus.g18988.t1,4
augustus.g19112.t1,4
augustus.g19113.t1,13
augustus.g1922.t1,4
augustus.g1923.t1,4
augustus.g19246.t1,3
augustus.g1926.t1,4
augustus.g19266.t1,3
augustus.g1927.t1,3
augustus.g19276.t1,1
augustus.g19290.t1,4
augustus.g19486.t1,1
augustus.g19602.t1,1
augustus.g19672.t1,4
augustus.g19684.t1,1
augustus.g19962.t1,3
augustus.g20113.t1,3
augustus.g20167.t1,3
augustus.g2035.t1,7
augustus.g204.t1,19
augustus.g20679.t1,3
augustus.g20681.t1,1
augustus.g20743.t1,4
augustus.g2078.t1,1
augustus.g2087.t1,7
augustus.g20947.t1,3
augustus.g2109.t1,11
augustus.g21221.t1,11
augustus.g21255.t1,1
augustus.g21325.t1,3
augustus.g21346.t1,3
augustus.g21525.t1,3
augustus.g2153.t1,4
augustus.g21596.t1,12
augustus.g2160.t1,3
augustus.g21635.t1,3
augustus.g21644.t1,7
augustus.g21645.t1,1
augustus.g21649.t1,3
augustus.g21650.t1,4
augustus.g21657.t1,4
augustus.g21662.t1,3
augustus.g21664.t1,1
augustus.g21666.t1,1
augustus.g21696.t1,1
augustus.g21697.t1,9
augustus.g21700.t1,1
augustus.g21701.t1,4
augustus.g21710.t1,3
augustus.g21730.t1,1
augustus.g21743.t1,4
augustus.g21753.t1,7
augustus.g21894.t1,3
augustus.g21901.t1,1
augustus.g21904.t1,3
augustus.g22253.t1,3
augustus.g22254.t1,10
augustus.g22259.t1,4
augustus.g22260.t1,3
augustus.g22270.t1,3
augustus.g22273.t1,7
augustus.g22276.t1,1
augustus.g22288.t1,1
augustus.g22297.t1,25
augustus.g22301.t1,1
augustus.g2233.t1,3
augustus.g22330.t1,8
augustus.g22333.t1,1
augustus.g22334.t1,3
augustus.g22343.t1,3
augustus.g22345.t1,1
augustus.g22348.t1,4
augustus.g22366.t1,4
augustus.g22389.t1,3
augustus.g22391.t1,3
augustus.g22393.t1,1
augustus.g2240.t1,4
augustus.g22402.t1,1
augustus.g22416.t1,1
augustus.g22424.t1,3
augustus.g22446.t1,4
augustus.g22447.t1,1
augustus.g22472.t1,4
augustus.g22473.t1,1
augustus.g22529.t1,4
augustus.g22554.t1,4
augustus.g22568.t1,3
augustus.g22588.t1,7
augustus.g22623.t1,4
augustus.g22625.t1,1
augustus.g22626.t1,1
augustus.g22627.t1,4
augustus.g22631.t1,16
augustus.g2266.t1,3
augustus.g22696.t1,4
augustus.g22700.t1,3
augustus.g22747.t1,1
augustus.g22757.t1,3
augustus.g22802.t1,4
augustus.g22803.t1,4
augustus.g22804.t1,4
augustus.g22808.t1,3
augustus.g22817.t1,1
augustus.g22830.t1,1
augustus.g22841.t1,4
augustus.g22955.t1,1
augustus.g22958.t1,1
augustus.g22963.t1,1
augustus.g22967.t1,1
augustus.g2299.t1,1
augustus.g22999.t1,4
augustus.g2300.t1,3
augustus.g23023.t1,1
augustus.g2303.t1,4
augustus.g23034.t1,3
augustus.g23048.t1,4
augustus.g2306.t1,1
augustus.g23131.t1,1
augustus.g23173.t1,1
augustus.g23310.t1,4
augustus.g23331.t1,4
augustus.g23471.t1,15
augustus.g23476.t1,3
augustus.g23478.t1,1
augustus.g23510.t1,3
augustus.g23512.t1,3
augustus.g23520.t1,4
augustus.g23535.t1,4
augustus.g23672.t1,7
augustus.g23712.t1,4
augustus.g23722.t1,3
augustus.g23728.t1,1
augustus.g23748.t1,4
augustus.g23754.t1,15
augustus.g23755.t1,1
augustus.g23756.t1,2
augustus.g23798.t1,4
augustus.g23814.t1,4
augustus.g23822.t1,5
augustus.g23828.t1,7
augustus.g23836.t1,1
augustus.g23846.t1,7
augustus.g23853.t1,1
augustus.g23859.t1,4
augustus.g23909.t1,1
augustus.g23910.t1,3
augustus.g23911.t1,18
augustus.g23943.t1,3
augustus.g23950.t1,1
augustus.g24014.t1,5
augustus.g24039.t1,1
augustus.g24054.t1,3
augustus.g24060.t1,1
augustus.g24062.t1,1
augustus.g24087.t1,1
augustus.g24099.t1,3
augustus.g24147.t1,7
augustus.g24168.t1,7
augustus.g24181.t1,3
augustus.g24191.t1,3
augustus.g24201.t1,1
augustus.g24236.t1,3
augustus.g24238.t1,1
augustus.g24255.t1,3
augustus.g24276.t1,1
augustus.g24278.t1,1
augustus.g24287.t1,3
augustus.g24293.t1,1
